bus_id,period_id,x_it,y_it
0,0,0,0
0,1,2,0
0,2,3,0
0,3,5,0
0,4,6,0
0,5,8,0
0,6,9,0
0,7,11,0
0,8,12,0
0,9,14,0
0,10,16,0
0,11,17,0
0,12,17,0
0,13,18,0
0,14,20,0
0,15,21,0
0,16,21,0
0,17,22,0
0,18,23,0
0,19,24,0
0,20,25,0
0,21,27,0
0,22,29,0
0,23,30,0
0,24,30,0
0,25,32,0
0,26,34,0
0,27,35,0
0,28,36,0
0,29,38,0
0,30,39,0
0,31,41,0
0,32,43,0
0,33,43,0
0,34,45,1
0,35,1,0
0,36,3,0
0,37,5,0
0,38,6,0
0,39,8,0
0,40,10,0
0,41,11,0
0,42,13,0
0,43,14,0
0,44,16,0
0,45,18,0
0,46,20,0
0,47,21,0
0,48,23,0
0,49,24,0
0,50,26,0
0,51,27,0
0,52,27,0
0,53,28,0
0,54,30,0
0,55,31,1
0,56,2,0
0,57,3,0
0,58,4,0
0,59,6,0
0,60,8,0
0,61,9,0
0,62,10,0
0,63,11,0
0,64,12,0
0,65,13,0
0,66,15,0
0,67,17,0
0,68,18,0
0,69,18,0
0,70,19,0
0,71,21,0
0,72,22,0
0,73,23,0
0,74,25,0
0,75,26,0
0,76,28,0
0,77,29,0
0,78,31,0
0,79,31,0
0,80,31,0
0,81,32,0
0,82,33,0
0,83,33,0
0,84,35,0
0,85,37,0
0,86,39,1
0,87,0,0
0,88,1,0
0,89,3,0
0,90,4,0
0,91,5,0
0,92,6,0
0,93,7,0
0,94,9,0
0,95,11,0
0,96,12,0
0,97,13,0
0,98,14,0
0,99,16,0
0,100,17,0
0,101,19,0
0,102,19,0
0,103,20,0
0,104,20,0
0,105,23,0
0,106,24,0
0,107,25,0
0,108,27,0
0,109,29,0
0,110,31,0
0,111,33,0
0,112,35,0
0,113,37,0
0,114,38,1
0,115,1,0
0,116,1,0
0,117,2,0
0,118,4,0
0,119,6,0
0,120,7,0
0,121,8,0
0,122,9,0
0,123,11,0
0,124,11,0
0,125,11,0
0,126,12,0
0,127,12,0
0,128,14,0
0,129,15,0
0,130,17,0
0,131,18,0
0,132,20,0
0,133,20,0
0,134,21,0
0,135,21,0
0,136,22,0
0,137,24,0
0,138,26,0
0,139,27,0
0,140,29,0
0,141,31,0
0,142,33,1
0,143,1,0
0,144,2,0
0,145,3,0
0,146,4,0
0,147,6,0
0,148,6,0
0,149,7,0
1,0,0,0
1,1,1,0
1,2,2,0
1,3,3,0
1,4,4,0
1,5,5,0
1,6,6,0
1,7,7,0
1,8,9,0
1,9,10,0
1,10,12,0
1,11,13,0
1,12,15,0
1,13,16,0
1,14,16,0
1,15,17,0
1,16,17,0
1,17,19,0
1,18,19,0
1,19,21,0
1,20,22,0
1,21,25,0
1,22,26,0
1,23,27,0
1,24,28,0
1,25,29,0
1,26,31,0
1,27,34,0
1,28,36,0
1,29,37,1
1,30,1,0
1,31,2,0
1,32,4,0
1,33,5,0
1,34,6,0
1,35,7,0
1,36,9,0
1,37,10,0
1,38,12,0
1,39,13,0
1,40,14,0
1,41,15,0
1,42,16,0
1,43,18,0
1,44,20,0
1,45,22,0
1,46,24,0
1,47,25,0
1,48,25,0
1,49,26,0
1,50,27,0
1,51,28,0
1,52,28,0
1,53,29,0
1,54,30,1
1,55,0,0
1,56,1,0
1,57,3,0
1,58,5,0
1,59,6,0
1,60,6,0
1,61,6,0
1,62,7,0
1,63,8,0
1,64,10,0
1,65,12,0
1,66,14,0
1,67,15,0
1,68,16,0
1,69,17,0
1,70,18,0
1,71,19,0
1,72,21,0
1,73,22,0
1,74,24,0
1,75,26,0
1,76,28,0
1,77,28,0
1,78,29,0
1,79,30,0
1,80,32,0
1,81,34,0
1,82,36,0
1,83,38,0
1,84,40,0
1,85,41,1
1,86,2,0
1,87,4,0
1,88,5,0
1,89,6,0
1,90,8,0
1,91,10,0
1,92,12,0
1,93,13,0
1,94,15,0
1,95,17,0
1,96,19,0
1,97,21,0
1,98,23,0
1,99,25,0
1,100,27,0
1,101,28,0
1,102,29,0
1,103,31,0
1,104,32,0
1,105,34,0
1,106,36,0
1,107,38,1
1,108,2,0
1,109,4,0
1,110,6,0
1,111,7,0
1,112,8,0
1,113,10,0
1,114,13,0
1,115,14,0
1,116,15,0
1,117,17,0
1,118,18,0
1,119,20,0
1,120,21,0
1,121,23,0
1,122,25,0
1,123,27,0
1,124,29,0
1,125,31,0
1,126,32,0
1,127,32,0
1,128,34,0
1,129,35,0
1,130,35,0
1,131,36,0
1,132,36,0
1,133,37,0
1,134,39,0
1,135,41,1
1,136,1,0
1,137,2,0
1,138,3,0
1,139,5,0
1,140,6,0
1,141,7,0
1,142,9,0
1,143,11,0
1,144,13,0
1,145,14,0
1,146,15,0
1,147,17,0
1,148,17,0
1,149,19,0
2,0,0,0
2,1,1,0
2,2,3,0
2,3,5,0
2,4,6,0
2,5,8,0
2,6,8,0
2,7,9,0
2,8,11,0
2,9,12,0
2,10,13,0
2,11,15,0
2,12,15,0
2,13,17,0
2,14,18,1
2,15,1,0
2,16,2,0
2,17,2,0
2,18,4,0
2,19,6,0
2,20,7,0
2,21,7,0
2,22,9,0
2,23,10,0
2,24,11,0
2,25,13,0
2,26,15,0
2,27,17,0
2,28,19,0
2,29,20,0
2,30,22,0
2,31,23,0
2,32,25,0
2,33,25,0
2,34,27,0
2,35,28,0
2,36,28,0
2,37,29,0
2,38,31,0
2,39,31,0
2,40,31,0
2,41,32,0
2,42,33,1
2,43,2,0
2,44,4,0
2,45,5,0
2,46,7,0
2,47,8,0
2,48,10,0
2,49,11,0
2,50,13,0
2,51,14,0
2,52,16,0
2,53,18,0
2,54,19,0
2,55,22,0
2,56,23,0
2,57,24,0
2,58,26,0
2,59,28,0
2,60,29,0
2,61,31,0
2,62,33,0
2,63,34,0
2,64,35,1
2,65,2,0
2,66,4,0
2,67,6,0
2,68,8,0
2,69,10,0
2,70,11,0
2,71,13,0
2,72,15,0
2,73,16,0
2,74,18,0
2,75,20,0
2,76,22,0
2,77,22,0
2,78,24,0
2,79,25,1
2,80,2,0
2,81,4,0
2,82,5,0
2,83,6,0
2,84,7,0
2,85,9,0
2,86,11,0
2,87,11,0
2,88,13,0
2,89,15,0
2,90,17,0
2,91,18,0
2,92,19,0
2,93,21,0
2,94,23,0
2,95,24,0
2,96,25,0
2,97,26,0
2,98,28,0
2,99,28,0
2,100,29,0
2,101,30,0
2,102,32,0
2,103,34,0
2,104,36,0
2,105,36,0
2,106,37,1
2,107,3,0
2,108,4,0
2,109,6,0
2,110,6,0
2,111,7,0
2,112,9,0
2,113,10,0
2,114,12,0
2,115,13,0
2,116,15,0
2,117,16,0
2,118,18,0
2,119,20,0
2,120,20,0
2,121,20,0
2,122,21,0
2,123,22,0
2,124,24,0
2,125,26,0
2,126,28,0
2,127,30,1
2,128,2,0
2,129,4,0
2,130,6,0
2,131,7,0
2,132,7,0
2,133,8,0
2,134,10,0
2,135,11,0
2,136,12,0
2,137,14,0
2,138,16,0
2,139,18,0
2,140,20,0
2,141,21,0
2,142,22,0
2,143,23,0
2,144,25,0
2,145,26,0
2,146,28,0
2,147,29,0
2,148,30,1
2,149,3,0
3,0,0,0
3,1,1,0
3,2,1,0
3,3,2,0
3,4,4,0
3,5,5,0
3,6,6,0
3,7,8,0
3,8,10,0
3,9,11,0
3,10,12,0
3,11,13,0
3,12,14,0
3,13,16,0
3,14,18,0
3,15,18,0
3,16,18,0
3,17,21,0
3,18,22,0
3,19,24,0
3,20,24,0
3,21,25,0
3,22,26,0
3,23,27,0
3,24,27,0
3,25,28,0
3,26,30,0
3,27,30,0
3,28,32,0
3,29,34,0
3,30,35,0
3,31,36,0
3,32,37,0
3,33,40,0
3,34,41,1
3,35,2,0
3,36,3,0
3,37,5,0
3,38,7,0
3,39,8,0
3,40,8,0
3,41,9,0
3,42,11,0
3,43,12,0
3,44,13,0
3,45,15,0
3,46,16,0
3,47,16,0
3,48,18,0
3,49,20,0
3,50,21,0
3,51,21,0
3,52,23,0
3,53,25,0
3,54,26,0
3,55,28,0
3,56,29,0
3,57,30,0
3,58,31,0
3,59,33,0
3,60,35,1
3,61,1,0
3,62,3,0
3,63,4,0
3,64,5,0
3,65,7,0
3,66,9,0
3,67,10,0
3,68,12,0
3,69,14,0
3,70,16,0
3,71,18,0
3,72,20,0
3,73,22,0
3,74,24,0
3,75,24,0
3,76,26,0
3,77,26,0
3,78,28,0
3,79,30,0
3,80,30,0
3,81,31,0
3,82,32,0
3,83,34,0
3,84,36,0
3,85,38,0
3,86,40,0
3,87,41,0
3,88,42,0
3,89,42,0
3,90,42,0
3,91,44,0
3,92,45,1
3,93,0,0
3,94,0,0
3,95,1,0
3,96,2,0
3,97,4,0
3,98,6,0
3,99,7,0
3,100,8,0
3,101,10,0
3,102,12,0
3,103,13,0
3,104,14,0
3,105,14,0
3,106,15,0
3,107,17,0
3,108,19,0
3,109,19,0
3,110,20,0
3,111,22,0
3,112,24,0
3,113,25,0
3,114,25,0
3,115,25,0
3,116,27,0
3,117,28,0
3,118,30,0
3,119,31,0
3,120,32,0
3,121,33,0
3,122,35,0
3,123,37,0
3,124,38,0
3,125,40,0
3,126,41,1
3,127,2,0
3,128,4,0
3,129,6,0
3,130,7,0
3,131,8,0
3,132,9,0
3,133,10,0
3,134,11,0
3,135,12,0
3,136,13,0
3,137,15,0
3,138,16,0
3,139,18,0
3,140,19,0
3,141,20,0
3,142,22,0
3,143,23,0
3,144,25,0
3,145,25,0
3,146,25,0
3,147,27,0
3,148,28,1
3,149,2,0
4,0,0,0
4,1,3,0
4,2,5,0
4,3,7,0
4,4,8,0
4,5,10,0
4,6,11,0
4,7,12,0
4,8,14,0
4,9,15,0
4,10,16,0
4,11,18,0
4,12,20,0
4,13,22,0
4,14,24,0
4,15,25,0
4,16,25,0
4,17,26,0
4,18,27,0
4,19,29,0
4,20,31,1
4,21,1,0
4,22,2,0
4,23,3,0
4,24,5,0
4,25,7,0
4,26,8,0
4,27,10,0
4,28,11,0
4,29,13,0
4,30,15,0
4,31,16,0
4,32,18,0
4,33,18,0
4,34,20,0
4,35,22,0
4,36,24,1
4,37,2,0
4,38,2,0
4,39,3,0
4,40,4,0
4,41,5,0
4,42,6,0
4,43,7,0
4,44,9,0
4,45,10,0
4,46,12,0
4,47,14,0
4,48,14,0
4,49,14,0
4,50,15,0
4,51,17,0
4,52,19,0
4,53,20,0
4,54,21,1
4,55,1,0
4,56,2,0
4,57,4,0
4,58,6,0
4,59,7,0
4,60,9,0
4,61,11,0
4,62,13,0
4,63,14,0
4,64,14,0
4,65,16,0
4,66,17,0
4,67,18,0
4,68,20,0
4,69,21,0
4,70,23,0
4,71,25,0
4,72,26,0
4,73,27,0
4,74,29,0
4,75,31,0
4,76,31,0
4,77,33,0
4,78,34,0
4,79,37,0
4,80,37,0
4,81,38,0
4,82,39,0
4,83,41,1
4,84,1,0
4,85,3,0
4,86,5,0
4,87,6,0
4,88,8,0
4,89,10,0
4,90,12,0
4,91,14,0
4,92,14,0
4,93,16,0
4,94,16,0
4,95,17,0
4,96,18,0
4,97,19,0
4,98,21,0
4,99,23,0
4,100,25,0
4,101,27,0
4,102,28,0
4,103,30,0
4,104,31,0
4,105,33,0
4,106,35,0
4,107,37,1
4,108,2,0
4,109,4,0
4,110,6,0
4,111,8,0
4,112,10,0
4,113,11,0
4,114,12,0
4,115,13,0
4,116,14,0
4,117,16,0
4,118,17,0
4,119,19,0
4,120,21,0
4,121,23,0
4,122,25,0
4,123,25,0
4,124,27,0
4,125,29,0
4,126,31,0
4,127,33,0
4,128,34,0
4,129,35,0
4,130,36,0
4,131,37,0
4,132,39,0
4,133,40,0
4,134,40,0
4,135,42,0
4,136,45,0
4,137,46,1
4,138,0,0
4,139,2,0
4,140,2,0
4,141,3,0
4,142,4,0
4,143,5,0
4,144,7,0
4,145,8,0
4,146,10,0
4,147,11,0
4,148,13,0
4,149,13,0
5,0,0,0
5,1,2,0
5,2,3,0
5,3,4,0
5,4,5,0
5,5,7,0
5,6,8,0
5,7,9,0
5,8,9,0
5,9,10,0
5,10,11,0
5,11,13,0
5,12,13,0
5,13,15,0
5,14,17,0
5,15,18,0
5,16,19,0
5,17,21,0
5,18,22,0
5,19,23,0
5,20,24,0
5,21,25,0
5,22,27,0
5,23,29,0
5,24,31,0
5,25,32,0
5,26,34,0
5,27,36,0
5,28,38,0
5,29,40,1
5,30,2,0
5,31,4,0
5,32,6,0
5,33,8,0
5,34,8,0
5,35,9,0
5,36,10,0
5,37,13,0
5,38,15,0
5,39,15,0
5,40,17,0
5,41,18,0
5,42,19,0
5,43,20,0
5,44,21,0
5,45,23,0
5,46,25,0
5,47,27,0
5,48,29,0
5,49,29,0
5,50,30,0
5,51,31,0
5,52,32,0
5,53,33,0
5,54,35,0
5,55,36,0
5,56,38,0
5,57,40,0
5,58,42,0
5,59,44,0
5,60,46,0
5,61,48,0
5,62,50,0
5,63,51,0
5,64,52,1
5,65,3,0
5,66,3,0
5,67,4,0
5,68,6,0
5,69,8,0
5,70,10,0
5,71,11,0
5,72,13,0
5,73,15,0
5,74,16,0
5,75,17,0
5,76,18,0
5,77,19,0
5,78,19,0
5,79,21,1
5,80,2,0
5,81,3,0
5,82,5,0
5,83,6,0
5,84,6,0
5,85,7,0
5,86,9,0
5,87,10,0
5,88,11,0
5,89,12,0
5,90,13,0
5,91,14,0
5,92,16,0
5,93,17,0
5,94,18,0
5,95,19,0
5,96,21,0
5,97,23,0
5,98,25,0
5,99,27,0
5,100,29,0
5,101,31,0
5,102,32,0
5,103,33,0
5,104,35,0
5,105,36,0
5,106,38,0
5,107,40,0
5,108,41,0
5,109,42,1
5,110,2,0
5,111,3,0
5,112,3,0
5,113,5,0
5,114,7,0
5,115,9,0
5,116,10,0
5,117,11,0
5,118,13,0
5,119,15,0
5,120,16,0
5,121,18,0
5,122,19,0
5,123,21,0
5,124,23,0
5,125,24,0
5,126,26,0
5,127,28,0
5,128,29,0
5,129,30,0
5,130,32,0
5,131,32,0
5,132,33,0
5,133,33,0
5,134,35,0
5,135,36,0
5,136,37,0
5,137,38,0
5,138,40,0
5,139,41,0
5,140,42,0
5,141,43,1
5,142,1,0
5,143,3,0
5,144,4,0
5,145,6,0
5,146,7,0
5,147,8,0
5,148,10,0
5,149,10,0
6,0,0,0
6,1,2,0
6,2,4,0
6,3,6,0
6,4,8,0
6,5,10,0
6,6,11,0
6,7,13,0
6,8,15,0
6,9,15,0
6,10,17,0
6,11,19,0
6,12,21,0
6,13,23,0
6,14,23,0
6,15,24,0
6,16,25,0
6,17,27,1
6,18,2,0
6,19,3,0
6,20,3,0
6,21,4,0
6,22,6,0
6,23,8,0
6,24,9,0
6,25,10,0
6,26,12,0
6,27,14,0
6,28,15,0
6,29,16,0
6,30,18,0
6,31,20,0
6,32,22,0
6,33,23,0
6,34,24,0
6,35,26,0
6,36,26,0
6,37,26,0
6,38,28,0
6,39,30,0
6,40,32,0
6,41,32,0
6,42,34,0
6,43,36,0
6,44,37,0
6,45,38,1
6,46,2,0
6,47,3,0
6,48,4,0
6,49,6,0
6,50,8,0
6,51,10,0
6,52,10,0
6,53,10,0
6,54,12,0
6,55,13,0
6,56,14,0
6,57,15,0
6,58,17,0
6,59,19,0
6,60,21,0
6,61,23,0
6,62,24,0
6,63,25,0
6,64,27,0
6,65,27,0
6,66,29,0
6,67,30,0
6,68,31,0
6,69,32,0
6,70,34,0
6,71,36,0
6,72,38,0
6,73,40,0
6,74,41,0
6,75,43,0
6,76,44,0
6,77,46,1
6,78,1,0
6,79,1,0
6,80,2,0
6,81,3,0
6,82,5,0
6,83,6,0
6,84,7,0
6,85,8,0
6,86,9,0
6,87,10,0
6,88,12,0
6,89,14,0
6,90,15,0
6,91,16,0
6,92,17,0
6,93,18,0
6,94,20,0
6,95,21,0
6,96,22,0
6,97,24,0
6,98,25,0
6,99,27,0
6,100,29,0
6,101,31,0
6,102,32,0
6,103,33,0
6,104,34,0
6,105,36,0
6,106,36,1
6,107,0,0
6,108,2,0
6,109,3,0
6,110,5,0
6,111,6,0
6,112,7,0
6,113,8,0
6,114,9,0
6,115,10,0
6,116,12,0
6,117,12,1
6,118,1,0
6,119,3,0
6,120,4,0
6,121,5,0
6,122,7,0
6,123,9,0
6,124,10,0
6,125,11,0
6,126,12,0
6,127,13,0
6,128,15,0
6,129,17,0
6,130,18,0
6,131,19,0
6,132,20,0
6,133,22,0
6,134,24,0
6,135,25,0
6,136,27,0
6,137,28,0
6,138,29,0
6,139,31,0
6,140,34,0
6,141,35,0
6,142,36,0
6,143,38,1
6,144,1,0
6,145,3,0
6,146,3,0
6,147,4,0
6,148,6,0
6,149,9,0
7,0,0,0
7,1,2,0
7,2,3,0
7,3,5,0
7,4,6,0
7,5,7,0
7,6,9,0
7,7,10,0
7,8,12,0
7,9,13,0
7,10,14,0
7,11,16,0
7,12,16,0
7,13,18,0
7,14,20,0
7,15,21,0
7,16,21,0
7,17,22,0
7,18,23,0
7,19,25,0
7,20,26,0
7,21,28,0
7,22,30,0
7,23,32,0
7,24,34,0
7,25,35,1
7,26,2,0
7,27,3,0
7,28,4,0
7,29,4,0
7,30,4,0
7,31,6,0
7,32,7,0
7,33,8,0
7,34,9,0
7,35,10,0
7,36,11,0
7,37,13,0
7,38,15,0
7,39,17,0
7,40,19,0
7,41,20,0
7,42,22,0
7,43,24,0
7,44,26,0
7,45,26,0
7,46,28,0
7,47,30,0
7,48,31,1
7,49,2,0
7,50,3,0
7,51,4,0
7,52,5,0
7,53,6,0
7,54,6,0
7,55,8,0
7,56,10,0
7,57,12,0
7,58,14,0
7,59,16,0
7,60,17,0
7,61,19,0
7,62,20,0
7,63,22,0
7,64,23,0
7,65,24,0
7,66,25,0
7,67,26,0
7,68,26,0
7,69,28,0
7,70,30,0
7,71,32,0
7,72,33,0
7,73,35,0
7,74,37,0
7,75,38,0
7,76,39,0
7,77,41,0
7,78,42,0
7,79,43,0
7,80,44,0
7,81,45,1
7,82,2,0
7,83,3,0
7,84,5,0
7,85,7,0
7,86,9,0
7,87,10,0
7,88,10,0
7,89,12,0
7,90,14,0
7,91,14,0
7,92,14,0
7,93,15,0
7,94,16,0
7,95,17,0
7,96,18,0
7,97,19,0
7,98,21,0
7,99,22,0
7,100,23,0
7,101,25,0
7,102,26,0
7,103,27,0
7,104,27,0
7,105,28,0
7,106,31,0
7,107,32,0
7,108,33,0
7,109,34,0
7,110,36,0
7,111,38,0
7,112,39,0
7,113,39,0
7,114,41,0
7,115,42,0
7,116,44,0
7,117,45,0
7,118,47,1
7,119,1,0
7,120,2,0
7,121,4,0
7,122,6,0
7,123,8,0
7,124,10,0
7,125,11,0
7,126,12,0
7,127,13,0
7,128,15,0
7,129,17,0
7,130,18,0
7,131,21,1
7,132,1,0
7,133,2,0
7,134,3,0
7,135,5,0
7,136,7,0
7,137,9,0
7,138,11,0
7,139,12,0
7,140,14,0
7,141,14,0
7,142,16,0
7,143,17,0
7,144,19,0
7,145,20,0
7,146,22,0
7,147,23,0
7,148,23,0
7,149,25,0
8,0,0,0
8,1,2,0
8,2,2,0
8,3,3,0
8,4,4,0
8,5,5,0
8,6,7,0
8,7,9,0
8,8,11,0
8,9,13,0
8,10,15,0
8,11,16,0
8,12,18,0
8,13,19,0
8,14,22,0
8,15,24,0
8,16,25,0
8,17,27,0
8,18,29,0
8,19,31,0
8,20,32,0
8,21,34,0
8,22,35,0
8,23,36,1
8,24,1,0
8,25,2,0
8,26,4,0
8,27,5,0
8,28,6,0
8,29,7,0
8,30,9,0
8,31,11,0
8,32,12,0
8,33,14,0
8,34,15,0
8,35,16,0
8,36,18,0
8,37,18,0
8,38,20,0
8,39,21,0
8,40,22,0
8,41,23,0
8,42,23,1
8,43,1,0
8,44,2,0
8,45,3,0
8,46,4,0
8,47,6,0
8,48,8,0
8,49,10,0
8,50,12,0
8,51,14,0
8,52,16,0
8,53,17,0
8,54,18,0
8,55,19,0
8,56,19,0
8,57,21,0
8,58,23,0
8,59,25,0
8,60,26,1
8,61,1,0
8,62,2,0
8,63,3,0
8,64,4,0
8,65,6,0
8,66,8,0
8,67,9,0
8,68,9,0
8,69,11,0
8,70,12,0
8,71,14,0
8,72,16,0
8,73,18,0
8,74,20,0
8,75,22,0
8,76,22,0
8,77,24,0
8,78,26,0
8,79,28,0
8,80,29,0
8,81,31,0
8,82,33,0
8,83,35,0
8,84,36,0
8,85,36,0
8,86,37,0
8,87,38,0
8,88,40,0
8,89,41,0
8,90,43,1
8,91,1,0
8,92,3,0
8,93,4,0
8,94,5,0
8,95,6,0
8,96,7,0
8,97,8,0
8,98,9,0
8,99,10,0
8,100,11,0
8,101,13,0
8,102,15,0
8,103,17,0
8,104,19,0
8,105,21,0
8,106,22,0
8,107,24,0
8,108,25,0
8,109,26,0
8,110,28,0
8,111,28,0
8,112,28,0
8,113,30,0
8,114,31,0
8,115,33,0
8,116,34,0
8,117,35,0
8,118,37,1
8,119,1,0
8,120,2,0
8,121,4,0
8,122,6,0
8,123,8,0
8,124,10,0
8,125,12,0
8,126,14,0
8,127,15,0
8,128,17,0
8,129,19,0
8,130,21,0
8,131,22,0
8,132,24,0
8,133,25,0
8,134,26,0
8,135,28,0
8,136,30,0
8,137,31,0
8,138,31,0
8,139,33,0
8,140,35,0
8,141,37,0
8,142,37,0
8,143,39,0
8,144,41,0
8,145,42,0
8,146,43,1
8,147,2,0
8,148,3,0
8,149,5,0
9,0,0,0
9,1,2,0
9,2,3,0
9,3,4,0
9,4,4,0
9,5,5,0
9,6,7,0
9,7,9,0
9,8,10,0
9,9,12,0
9,10,14,0
9,11,15,0
9,12,16,0
9,13,18,0
9,14,20,0
9,15,21,0
9,16,22,1
9,17,1,0
9,18,3,0
9,19,5,0
9,20,6,0
9,21,8,0
9,22,10,0
9,23,11,0
9,24,13,0
9,25,13,0
9,26,15,0
9,27,15,0
9,28,17,0
9,29,18,0
9,30,19,0
9,31,20,0
9,32,20,0
9,33,21,0
9,34,22,0
9,35,23,0
9,36,24,0
9,37,24,0
9,38,25,0
9,39,27,0
9,40,29,0
9,41,31,0
9,42,31,0
9,43,33,0
9,44,34,0
9,45,35,1
9,46,2,0
9,47,2,0
9,48,4,0
9,49,6,0
9,50,7,0
9,51,8,0
9,52,9,0
9,53,10,0
9,54,12,0
9,55,13,0
9,56,14,0
9,57,16,0
9,58,18,0
9,59,20,0
9,60,21,0
9,61,22,0
9,62,22,0
9,63,22,0
9,64,23,0
9,65,25,0
9,66,26,0
9,67,28,1
9,68,1,0
9,69,2,0
9,70,4,0
9,71,6,0
9,72,8,0
9,73,10,0
9,74,11,0
9,75,11,0
9,76,12,0
9,77,13,0
9,78,15,0
9,79,17,0
9,80,19,0
9,81,20,0
9,82,21,0
9,83,22,0
9,84,23,0
9,85,24,0
9,86,25,0
9,87,26,0
9,88,28,0
9,89,31,0
9,90,32,0
9,91,33,0
9,92,34,0
9,93,35,0
9,94,37,1
9,95,1,0
9,96,3,0
9,97,4,0
9,98,6,0
9,99,7,0
9,100,8,0
9,101,9,0
9,102,11,0
9,103,13,0
9,104,15,0
9,105,18,0
9,106,18,0
9,107,19,0
9,108,19,0
9,109,20,0
9,110,21,0
9,111,22,0
9,112,23,0
9,113,25,0
9,114,26,0
9,115,27,0
9,116,27,0
9,117,29,0
9,118,30,0
9,119,33,0
9,120,35,0
9,121,36,1
9,122,1,0
9,123,3,0
9,124,4,0
9,125,5,0
9,126,6,0
9,127,8,0
9,128,8,0
9,129,10,0
9,130,10,0
9,131,11,0
9,132,13,0
9,133,15,0
9,134,16,0
9,135,18,0
9,136,19,0
9,137,20,0
9,138,21,0
9,139,23,0
9,140,24,0
9,141,26,0
9,142,28,0
9,143,29,0
9,144,31,0
9,145,33,0
9,146,34,0
9,147,35,1
9,148,2,0
9,149,4,0
10,0,0,0
10,1,2,0
10,2,4,0
10,3,5,0
10,4,5,0
10,5,6,0
10,6,9,0
10,7,10,0
10,8,11,0
10,9,13,0
10,10,14,0
10,11,15,0
10,12,16,0
10,13,17,0
10,14,18,0
10,15,20,0
10,16,22,0
10,17,24,1
10,18,1,0
10,19,3,0
10,20,5,0
10,21,7,0
10,22,9,0
10,23,10,0
10,24,11,0
10,25,12,0
10,26,14,0
10,27,16,0
10,28,17,0
10,29,18,0
10,30,19,0
10,31,19,0
10,32,21,0
10,33,23,0
10,34,24,0
10,35,25,0
10,36,26,0
10,37,27,0
10,38,29,0
10,39,31,0
10,40,32,0
10,41,34,1
10,42,0,0
10,43,2,0
10,44,2,0
10,45,3,0
10,46,4,0
10,47,5,0
10,48,7,0
10,49,9,0
10,50,11,0
10,51,13,0
10,52,13,0
10,53,14,0
10,54,15,0
10,55,16,0
10,56,18,0
10,57,19,0
10,58,19,0
10,59,20,0
10,60,21,0
10,61,21,0
10,62,23,0
10,63,26,0
10,64,28,0
10,65,29,0
10,66,31,0
10,67,33,0
10,68,34,0
10,69,36,1
10,70,2,0
10,71,3,0
10,72,5,0
10,73,7,0
10,74,9,0
10,75,11,0
10,76,12,0
10,77,14,0
10,78,15,0
10,79,16,0
10,80,18,0
10,81,19,0
10,82,20,0
10,83,21,0
10,84,22,0
10,85,24,0
10,86,25,0
10,87,26,0
10,88,28,0
10,89,29,0
10,90,29,0
10,91,30,0
10,92,32,0
10,93,33,0
10,94,35,1
10,95,1,0
10,96,3,0
10,97,4,0
10,98,4,0
10,99,5,0
10,100,6,0
10,101,7,0
10,102,8,0
10,103,8,0
10,104,10,0
10,105,11,0
10,106,11,0
10,107,12,0
10,108,14,0
10,109,15,0
10,110,17,0
10,111,19,0
10,112,21,0
10,113,23,0
10,114,24,0
10,115,25,0
10,116,26,0
10,117,28,0
10,118,30,0
10,119,32,0
10,120,33,0
10,121,35,0
10,122,36,0
10,123,38,0
10,124,40,0
10,125,42,0
10,126,44,1
10,127,1,0
10,128,3,0
10,129,3,0
10,130,4,0
10,131,5,0
10,132,5,0
10,133,6,0
10,134,8,0
10,135,10,0
10,136,11,0
10,137,12,0
10,138,13,0
10,139,14,0
10,140,14,0
10,141,15,0
10,142,15,0
10,143,16,0
10,144,18,0
10,145,20,0
10,146,21,0
10,147,23,0
10,148,25,0
10,149,27,0
11,0,0,0
11,1,1,0
11,2,3,0
11,3,4,0
11,4,5,0
11,5,7,0
11,6,9,0
11,7,12,0
11,8,13,0
11,9,15,0
11,10,17,0
11,11,18,0
11,12,20,0
11,13,21,0
11,14,21,0
11,15,22,0
11,16,23,0
11,17,24,1
11,18,2,0
11,19,3,0
11,20,5,0
11,21,5,0
11,22,6,0
11,23,8,0
11,24,9,0
11,25,10,0
11,26,11,0
11,27,12,0
11,28,13,0
11,29,14,0
11,30,14,0
11,31,16,0
11,32,17,0
11,33,18,0
11,34,18,0
11,35,19,0
11,36,20,0
11,37,21,0
11,38,22,0
11,39,23,0
11,40,24,0
11,41,25,0
11,42,26,0
11,43,28,0
11,44,29,0
11,45,30,0
11,46,32,0
11,47,33,0
11,48,34,0
11,49,35,0
11,50,36,0
11,51,37,1
11,52,1,0
11,53,2,0
11,54,3,0
11,55,5,0
11,56,6,0
11,57,8,0
11,58,9,0
11,59,10,0
11,60,11,0
11,61,12,0
11,62,13,0
11,63,14,0
11,64,16,0
11,65,17,0
11,66,18,0
11,67,19,0
11,68,20,0
11,69,21,0
11,70,23,0
11,71,25,0
11,72,26,0
11,73,27,0
11,74,29,0
11,75,31,0
11,76,33,0
11,77,35,0
11,78,36,0
11,79,36,1
11,80,2,0
11,81,4,0
11,82,6,0
11,83,7,0
11,84,9,0
11,85,11,0
11,86,11,0
11,87,12,0
11,88,13,0
11,89,15,0
11,90,16,0
11,91,18,0
11,92,18,0
11,93,20,0
11,94,21,0
11,95,23,0
11,96,25,0
11,97,27,0
11,98,29,0
11,99,31,0
11,100,33,0
11,101,34,0
11,102,35,1
11,103,2,0
11,104,3,0
11,105,5,0
11,106,6,0
11,107,7,0
11,108,9,0
11,109,11,0
11,110,12,0
11,111,14,0
11,112,16,0
11,113,18,0
11,114,20,0
11,115,21,0
11,116,23,0
11,117,24,0
11,118,25,0
11,119,27,0
11,120,28,0
11,121,30,0
11,122,32,0
11,123,33,0
11,124,34,0
11,125,35,1
11,126,2,0
11,127,4,0
11,128,6,0
11,129,7,0
11,130,9,0
11,131,10,0
11,132,12,0
11,133,14,0
11,134,15,0
11,135,17,0
11,136,19,0
11,137,20,0
11,138,21,0
11,139,23,0
11,140,24,0
11,141,25,0
11,142,27,0
11,143,28,0
11,144,29,0
11,145,31,0
11,146,33,0
11,147,35,0
11,148,36,0
11,149,37,0
12,0,0,0
12,1,1,0
12,2,3,0
12,3,5,0
12,4,6,0
12,5,8,0
12,6,9,0
12,7,9,0
12,8,11,0
12,9,11,0
12,10,13,0
12,11,14,0
12,12,15,0
12,13,17,0
12,14,18,0
12,15,19,0
12,16,21,0
12,17,22,0
12,18,23,0
12,19,25,0
12,20,25,0
12,21,27,0
12,22,29,0
12,23,30,0
12,24,30,0
12,25,31,0
12,26,33,0
12,27,34,0
12,28,36,0
12,29,37,0
12,30,38,1
12,31,1,0
12,32,2,0
12,33,4,0
12,34,4,0
12,35,5,0
12,36,5,0
12,37,8,0
12,38,9,0
12,39,11,0
12,40,13,0
12,41,14,0
12,42,15,0
12,43,17,0
12,44,19,0
12,45,20,0
12,46,20,0
12,47,22,0
12,48,23,0
12,49,25,0
12,50,25,0
12,51,26,0
12,52,28,1
12,53,1,0
12,54,3,0
12,55,5,0
12,56,7,0
12,57,8,0
12,58,10,0
12,59,13,0
12,60,15,0
12,61,17,0
12,62,18,0
12,63,19,0
12,64,20,0
12,65,21,0
12,66,21,0
12,67,23,0
12,68,24,0
12,69,26,0
12,70,28,0
12,71,30,0
12,72,32,0
12,73,33,0
12,74,35,0
12,75,37,0
12,76,39,0
12,77,40,0
12,78,40,0
12,79,42,0
12,80,44,0
12,81,46,1
12,82,2,0
12,83,3,0
12,84,4,0
12,85,5,0
12,86,6,0
12,87,8,0
12,88,8,0
12,89,10,0
12,90,12,0
12,91,14,0
12,92,15,0
12,93,15,0
12,94,17,0
12,95,17,0
12,96,18,0
12,97,20,0
12,98,21,0
12,99,22,0
12,100,24,0
12,101,26,0
12,102,28,0
12,103,29,0
12,104,31,0
12,105,32,0
12,106,33,0
12,107,35,0
12,108,37,0
12,109,39,0
12,110,40,0
12,111,42,1
12,112,0,0
12,113,1,0
12,114,2,0
12,115,4,0
12,116,5,0
12,117,6,0
12,118,8,0
12,119,8,0
12,120,10,0
12,121,12,0
12,122,13,0
12,123,13,0
12,124,15,0
12,125,17,0
12,126,19,0
12,127,21,0
12,128,23,0
12,129,25,0
12,130,26,0
12,131,29,0
12,132,31,0
12,133,32,1
12,134,2,0
12,135,3,0
12,136,5,0
12,137,6,0
12,138,7,0
12,139,8,0
12,140,10,0
12,141,11,0
12,142,13,0
12,143,14,0
12,144,15,0
12,145,15,0
12,146,15,0
12,147,16,0
12,148,16,0
12,149,17,0
13,0,0,0
13,1,1,0
13,2,3,0
13,3,5,0
13,4,7,0
13,5,8,0
13,6,9,0
13,7,11,0
13,8,13,0
13,9,15,0
13,10,15,0
13,11,17,0
13,12,18,0
13,13,20,0
13,14,22,0
13,15,23,0
13,16,25,0
13,17,27,0
13,18,28,0
13,19,29,0
13,20,31,0
13,21,33,0
13,22,35,0
13,23,36,0
13,24,37,1
13,25,2,0
13,26,5,0
13,27,6,0
13,28,8,0
13,29,10,0
13,30,11,0
13,31,12,0
13,32,14,0
13,33,15,0
13,34,16,0
13,35,18,0
13,36,20,0
13,37,21,0
13,38,22,0
13,39,24,0
13,40,26,0
13,41,28,0
13,42,29,0
13,43,30,0
13,44,31,0
13,45,32,0
13,46,33,0
13,47,34,0
13,48,35,0
13,49,36,1
13,50,2,0
13,51,4,0
13,52,5,0
13,53,6,0
13,54,8,0
13,55,8,0
13,56,9,0
13,57,11,0
13,58,13,0
13,59,15,0
13,60,16,0
13,61,17,0
13,62,19,0
13,63,20,0
13,64,21,0
13,65,22,0
13,66,24,0
13,67,25,0
13,68,27,0
13,69,28,0
13,70,30,0
13,71,32,0
13,72,33,0
13,73,35,0
13,74,37,0
13,75,39,0
13,76,41,0
13,77,43,0
13,78,45,1
13,79,0,0
13,80,1,0
13,81,2,0
13,82,3,0
13,83,5,0
13,84,7,0
13,85,9,0
13,86,10,0
13,87,10,0
13,88,12,0
13,89,15,0
13,90,16,0
13,91,16,0
13,92,16,0
13,93,17,0
13,94,18,0
13,95,20,0
13,96,21,0
13,97,23,0
13,98,24,0
13,99,25,1
13,100,2,0
13,101,4,0
13,102,5,0
13,103,6,0
13,104,7,0
13,105,9,0
13,106,10,0
13,107,12,0
13,108,13,0
13,109,14,0
13,110,16,0
13,111,18,0
13,112,19,0
13,113,21,0
13,114,23,0
13,115,25,0
13,116,26,0
13,117,26,0
13,118,28,0
13,119,30,0
13,120,32,0
13,121,34,0
13,122,35,0
13,123,36,0
13,124,38,0
13,125,40,0
13,126,42,1
13,127,2,0
13,128,4,0
13,129,5,0
13,130,7,0
13,131,8,0
13,132,11,0
13,133,12,0
13,134,14,0
13,135,16,0
13,136,17,0
13,137,19,0
13,138,21,0
13,139,23,0
13,140,24,0
13,141,24,0
13,142,25,0
13,143,26,0
13,144,27,0
13,145,29,0
13,146,30,0
13,147,32,0
13,148,34,0
13,149,35,0
14,0,0,0
14,1,2,0
14,2,3,0
14,3,4,0
14,4,6,0
14,5,8,0
14,6,10,0
14,7,11,0
14,8,13,0
14,9,15,0
14,10,16,0
14,11,17,0
14,12,18,0
14,13,20,0
14,14,22,0
14,15,24,0
14,16,25,0
14,17,27,0
14,18,29,0
14,19,31,1
14,20,1,0
14,21,2,0
14,22,3,0
14,23,4,0
14,24,5,0
14,25,6,0
14,26,7,0
14,27,10,0
14,28,11,0
14,29,12,0
14,30,13,0
14,31,14,0
14,32,16,0
14,33,18,0
14,34,19,0
14,35,21,0
14,36,22,1
14,37,2,0
14,38,3,0
14,39,4,0
14,40,5,0
14,41,7,0
14,42,9,0
14,43,11,0
14,44,13,0
14,45,15,0
14,46,16,0
14,47,18,0
14,48,19,0
14,49,20,0
14,50,21,0
14,51,23,0
14,52,24,0
14,53,25,0
14,54,26,1
14,55,2,0
14,56,4,0
14,57,5,0
14,58,7,0
14,59,7,0
14,60,9,0
14,61,11,0
14,62,12,0
14,63,15,0
14,64,17,0
14,65,18,0
14,66,20,0
14,67,22,0
14,68,24,0
14,69,25,0
14,70,25,0
14,71,28,0
14,72,30,0
14,73,32,0
14,74,34,0
14,75,35,0
14,76,37,0
14,77,38,0
14,78,38,1
14,79,1,0
14,80,3,0
14,81,6,0
14,82,8,0
14,83,9,0
14,84,11,0
14,85,11,0
14,86,12,0
14,87,13,0
14,88,14,0
14,89,16,0
14,90,17,0
14,91,19,0
14,92,19,0
14,93,23,0
14,94,24,0
14,95,25,0
14,96,26,0
14,97,27,0
14,98,29,0
14,99,30,0
14,100,31,0
14,101,33,0
14,102,34,0
14,103,35,0
14,104,37,0
14,105,38,1
14,106,2,0
14,107,3,0
14,108,3,0
14,109,4,0
14,110,6,0
14,111,8,0
14,112,10,0
14,113,12,0
14,114,13,0
14,115,15,0
14,116,16,0
14,117,18,0
14,118,20,0
14,119,22,0
14,120,22,0
14,121,24,0
14,122,26,0
14,123,26,1
14,124,2,0
14,125,3,0
14,126,5,0
14,127,7,0
14,128,8,0
14,129,9,0
14,130,10,0
14,131,12,0
14,132,14,0
14,133,14,0
14,134,15,0
14,135,17,0
14,136,19,0
14,137,20,0
14,138,21,0
14,139,22,0
14,140,24,0
14,141,26,0
14,142,27,0
14,143,27,0
14,144,29,0
14,145,32,0
14,146,32,0
14,147,34,0
14,148,35,0
14,149,36,0
15,0,0,0
15,1,2,0
15,2,4,0
15,3,6,0
15,4,7,0
15,5,9,0
15,6,11,0
15,7,11,0
15,8,13,0
15,9,13,0
15,10,14,0
15,11,16,0
15,12,17,0
15,13,19,0
15,14,19,0
15,15,21,0
15,16,23,0
15,17,24,0
15,18,25,0
15,19,26,0
15,20,26,0
15,21,27,0
15,22,29,0
15,23,29,0
15,24,31,0
15,25,33,1
15,26,1,0
15,27,3,0
15,28,4,0
15,29,4,0
15,30,5,0
15,31,7,0
15,32,7,0
15,33,9,0
15,34,9,0
15,35,9,0
15,36,10,0
15,37,11,0
15,38,12,0
15,39,14,0
15,40,16,0
15,41,18,0
15,42,20,0
15,43,20,0
15,44,21,0
15,45,21,0
15,46,22,0
15,47,22,0
15,48,24,0
15,49,24,0
15,50,25,0
15,51,26,0
15,52,27,0
15,53,28,0
15,54,30,0
15,55,31,0
15,56,33,1
15,57,0,0
15,58,1,0
15,59,3,0
15,60,5,0
15,61,6,0
15,62,7,0
15,63,8,0
15,64,10,0
15,65,10,0
15,66,11,0
15,67,13,0
15,68,15,0
15,69,16,0
15,70,17,0
15,71,18,0
15,72,19,0
15,73,19,0
15,74,20,0
15,75,22,0
15,76,24,0
15,77,26,0
15,78,28,0
15,79,28,0
15,80,29,0
15,81,31,0
15,82,32,0
15,83,34,0
15,84,35,0
15,85,36,0
15,86,37,1
15,87,2,0
15,88,4,0
15,89,4,0
15,90,6,0
15,91,8,0
15,92,10,0
15,93,12,0
15,94,13,0
15,95,15,0
15,96,17,0
15,97,19,0
15,98,21,0
15,99,22,0
15,100,24,0
15,101,25,0
15,102,26,0
15,103,29,0
15,104,31,0
15,105,32,0
15,106,33,0
15,107,34,0
15,108,36,0
15,109,37,0
15,110,38,0
15,111,39,1
15,112,2,0
15,113,4,0
15,114,5,0
15,115,6,0
15,116,7,0
15,117,9,0
15,118,11,0
15,119,12,0
15,120,14,0
15,121,16,0
15,122,18,0
15,123,19,0
15,124,20,0
15,125,21,0
15,126,22,0
15,127,23,0
15,128,24,0
15,129,26,0
15,130,27,0
15,131,29,0
15,132,30,0
15,133,32,0
15,134,32,0
15,135,33,0
15,136,35,0
15,137,35,0
15,138,35,0
15,139,36,0
15,140,36,0
15,141,37,0
15,142,39,1
15,143,2,0
15,144,4,0
15,145,5,0
15,146,7,0
15,147,9,0
15,148,10,0
15,149,11,0
16,0,0,0
16,1,1,0
16,2,3,0
16,3,4,0
16,4,6,0
16,5,7,0
16,6,9,0
16,7,9,0
16,8,10,0
16,9,12,0
16,10,13,0
16,11,14,0
16,12,15,0
16,13,16,0
16,14,18,0
16,15,20,0
16,16,20,0
16,17,21,0
16,18,23,1
16,19,2,0
16,20,2,0
16,21,4,0
16,22,5,0
16,23,7,0
16,24,8,0
16,25,10,0
16,26,10,0
16,27,11,0
16,28,13,0
16,29,16,0
16,30,17,0
16,31,18,0
16,32,20,0
16,33,21,0
16,34,23,0
16,35,24,0
16,36,25,0
16,37,26,0
16,38,27,0
16,39,29,0
16,40,29,0
16,41,31,0
16,42,33,0
16,43,34,0
16,44,35,0
16,45,35,0
16,46,37,0
16,47,37,0
16,48,37,0
16,49,38,0
16,50,40,0
16,51,40,0
16,52,41,1
16,53,2,0
16,54,3,0
16,55,3,0
16,56,5,0
16,57,6,0
16,58,7,0
16,59,8,0
16,60,10,0
16,61,11,0
16,62,13,0
16,63,15,0
16,64,17,0
16,65,19,0
16,66,21,0
16,67,21,0
16,68,22,0
16,69,23,1
16,70,1,0
16,71,3,0
16,72,5,0
16,73,6,0
16,74,7,0
16,75,9,0
16,76,10,0
16,77,11,0
16,78,12,0
16,79,13,0
16,80,15,0
16,81,16,0
16,82,18,0
16,83,19,0
16,84,21,0
16,85,21,0
16,86,22,0
16,87,22,0
16,88,24,0
16,89,26,0
16,90,27,0
16,91,28,0
16,92,28,0
16,93,28,0
16,94,31,0
16,95,32,0
16,96,34,0
16,97,36,0
16,98,38,0
16,99,40,0
16,100,42,0
16,101,44,0
16,102,46,0
16,103,47,0
16,104,49,0
16,105,51,1
16,106,1,0
16,107,2,0
16,108,3,0
16,109,4,0
16,110,5,0
16,111,7,0
16,112,9,0
16,113,9,0
16,114,9,0
16,115,10,0
16,116,12,0
16,117,14,0
16,118,16,0
16,119,17,0
16,120,19,0
16,121,21,0
16,122,23,0
16,123,24,0
16,124,24,0
16,125,25,0
16,126,27,0
16,127,28,0
16,128,29,0
16,129,31,0
16,130,32,0
16,131,33,0
16,132,35,0
16,133,37,0
16,134,37,0
16,135,39,0
16,136,41,0
16,137,42,0
16,138,43,0
16,139,44,0
16,140,45,1
16,141,2,0
16,142,3,0
16,143,5,0
16,144,7,0
16,145,7,0
16,146,8,0
16,147,9,0
16,148,10,0
16,149,11,0
17,0,0,0
17,1,2,0
17,2,4,0
17,3,5,0
17,4,6,0
17,5,8,0
17,6,10,0
17,7,12,0
17,8,14,0
17,9,15,0
17,10,17,0
17,11,18,0
17,12,20,0
17,13,21,0
17,14,21,0
17,15,22,0
17,16,24,0
17,17,26,0
17,18,28,0
17,19,30,0
17,20,32,0
17,21,34,0
17,22,36,0
17,23,37,0
17,24,39,0
17,25,40,0
17,26,42,0
17,27,43,0
17,28,44,0
17,29,46,0
17,30,47,0
17,31,49,0
17,32,50,1
17,33,1,0
17,34,2,0
17,35,4,0
17,36,6,0
17,37,8,0
17,38,10,0
17,39,11,0
17,40,12,0
17,41,12,0
17,42,13,0
17,43,15,0
17,44,16,0
17,45,17,0
17,46,18,0
17,47,20,0
17,48,22,0
17,49,23,0
17,50,24,0
17,51,26,0
17,52,27,0
17,53,29,0
17,54,30,0
17,55,32,0
17,56,33,0
17,57,35,0
17,58,37,0
17,59,38,0
17,60,40,0
17,61,42,0
17,62,43,1
17,63,1,0
17,64,1,0
17,65,3,0
17,66,5,0
17,67,6,0
17,68,8,0
17,69,8,0
17,70,10,0
17,71,12,0
17,72,13,0
17,73,15,0
17,74,17,0
17,75,17,0
17,76,19,0
17,77,21,0
17,78,23,0
17,79,24,0
17,80,28,0
17,81,30,1
17,82,1,0
17,83,2,0
17,84,2,0
17,85,2,0
17,86,2,0
17,87,4,0
17,88,6,0
17,89,7,0
17,90,9,0
17,91,10,0
17,92,11,0
17,93,12,0
17,94,13,0
17,95,14,0
17,96,14,0
17,97,16,0
17,98,18,0
17,99,20,0
17,100,21,0
17,101,21,0
17,102,22,0
17,103,23,0
17,104,24,0
17,105,25,0
17,106,27,0
17,107,29,0
17,108,30,0
17,109,31,0
17,110,32,0
17,111,33,0
17,112,33,0
17,113,35,0
17,114,36,0
17,115,38,0
17,116,39,0
17,117,41,0
17,118,43,0
17,119,44,0
17,120,46,0
17,121,47,1
17,122,1,0
17,123,2,0
17,124,3,0
17,125,5,0
17,126,5,0
17,127,7,0
17,128,8,0
17,129,9,0
17,130,10,0
17,131,12,0
17,132,13,0
17,133,15,0
17,134,16,0
17,135,17,0
17,136,19,0
17,137,21,0
17,138,23,0
17,139,24,0
17,140,24,0
17,141,25,0
17,142,26,0
17,143,27,1
17,144,1,0
17,145,2,0
17,146,4,0
17,147,6,0
17,148,7,0
17,149,8,0
18,0,0,0
18,1,2,0
18,2,3,0
18,3,4,0
18,4,6,0
18,5,7,0
18,6,9,0
18,7,9,0
18,8,10,0
18,9,12,0
18,10,13,0
18,11,15,0
18,12,16,0
18,13,18,0
18,14,19,0
18,15,20,0
18,16,20,0
18,17,22,0
18,18,23,0
18,19,24,0
18,20,25,0
18,21,27,0
18,22,28,0
18,23,29,0
18,24,31,0
18,25,33,0
18,26,35,0
18,27,36,0
18,28,36,0
18,29,38,0
18,30,40,0
18,31,42,0
18,32,44,1
18,33,0,0
18,34,2,0
18,35,2,0
18,36,4,0
18,37,5,0
18,38,6,0
18,39,8,0
18,40,10,0
18,41,11,0
18,42,12,0
18,43,13,0
18,44,15,0
18,45,17,0
18,46,19,0
18,47,21,0
18,48,22,0
18,49,24,0
18,50,25,0
18,51,26,0
18,52,27,0
18,53,29,0
18,54,31,0
18,55,33,0
18,56,35,0
18,57,37,0
18,58,39,0
18,59,40,0
18,60,42,0
18,61,43,1
18,62,1,0
18,63,3,0
18,64,5,0
18,65,7,0
18,66,9,0
18,67,10,0
18,68,10,0
18,69,11,0
18,70,12,0
18,71,13,0
18,72,14,0
18,73,15,0
18,74,16,0
18,75,16,0
18,76,16,0
18,77,18,0
18,78,20,0
18,79,20,0
18,80,21,0
18,81,23,0
18,82,25,0
18,83,27,0
18,84,28,0
18,85,30,0
18,86,32,0
18,87,33,0
18,88,34,0
18,89,36,0
18,90,38,0
18,91,40,0
18,92,42,0
18,93,44,1
18,94,2,0
18,95,4,0
18,96,4,0
18,97,5,0
18,98,7,0
18,99,9,0
18,100,11,0
18,101,13,0
18,102,15,0
18,103,16,0
18,104,17,0
18,105,18,0
18,106,18,1
18,107,1,0
18,108,2,0
18,109,3,0
18,110,5,0
18,111,6,0
18,112,8,0
18,113,10,0
18,114,12,0
18,115,14,0
18,116,14,0
18,117,16,0
18,118,16,0
18,119,18,0
18,120,19,0
18,121,20,0
18,122,21,0
18,123,22,0
18,124,23,0
18,125,24,0
18,126,26,0
18,127,27,0
18,128,28,0
18,129,29,0
18,130,29,0
18,131,31,0
18,132,33,0
18,133,35,0
18,134,36,0
18,135,36,1
18,136,2,0
18,137,4,0
18,138,5,0
18,139,7,0
18,140,7,0
18,141,9,0
18,142,11,0
18,143,13,0
18,144,14,0
18,145,15,0
18,146,15,0
18,147,17,0
18,148,19,0
18,149,21,0
19,0,0,0
19,1,2,0
19,2,3,0
19,3,5,0
19,4,7,0
19,5,8,0
19,6,10,0
19,7,10,0
19,8,11,0
19,9,13,0
19,10,15,0
19,11,16,0
19,12,16,0
19,13,18,0
19,14,20,0
19,15,21,0
19,16,22,0
19,17,24,0
19,18,24,0
19,19,25,0
19,20,26,0
19,21,28,0
19,22,30,0
19,23,31,0
19,24,33,0
19,25,35,0
19,26,37,0
19,27,40,0
19,28,41,0
19,29,42,0
19,30,44,0
19,31,45,0
19,32,47,0
19,33,48,0
19,34,50,0
19,35,52,0
19,36,53,0
19,37,55,0
19,38,57,0
19,39,59,0
19,40,61,1
19,41,2,0
19,42,4,0
19,43,6,0
19,44,8,0
19,45,10,0
19,46,12,0
19,47,14,0
19,48,15,0
19,49,17,0
19,50,19,0
19,51,21,0
19,52,22,0
19,53,23,0
19,54,24,0
19,55,25,0
19,56,26,0
19,57,28,0
19,58,30,0
19,59,31,0
19,60,33,0
19,61,34,0
19,62,35,0
19,63,36,0
19,64,38,0
19,65,40,0
19,66,42,0
19,67,44,0
19,68,46,1
19,69,0,0
19,70,1,0
19,71,3,0
19,72,4,0
19,73,6,0
19,74,7,0
19,75,9,0
19,76,11,0
19,77,13,0
19,78,14,0
19,79,16,0
19,80,17,0
19,81,18,0
19,82,20,0
19,83,21,1
19,84,1,0
19,85,2,0
19,86,3,0
19,87,4,0
19,88,5,0
19,89,5,0
19,90,5,0
19,91,6,0
19,92,7,0
19,93,8,0
19,94,10,0
19,95,11,0
19,96,12,0
19,97,14,0
19,98,15,0
19,99,16,0
19,100,17,0
19,101,18,0
19,102,20,0
19,103,22,0
19,104,24,0
19,105,25,0
19,106,26,0
19,107,27,0
19,108,28,0
19,109,30,0
19,110,31,0
19,111,34,1
19,112,2,0
19,113,4,0
19,114,5,0
19,115,7,0
19,116,8,0
19,117,10,0
19,118,12,0
19,119,13,0
19,120,15,0
19,121,16,0
19,122,18,0
19,123,20,0
19,124,21,0
19,125,23,0
19,126,24,0
19,127,26,0
19,128,27,0
19,129,28,0
19,130,30,0
19,131,31,0
19,132,33,0
19,133,35,0
19,134,37,0
19,135,38,0
19,136,40,0
19,137,42,1
19,138,2,0
19,139,4,0
19,140,5,0
19,141,6,0
19,142,7,0
19,143,8,0
19,144,9,0
19,145,11,0
19,146,12,0
19,147,13,0
19,148,15,0
19,149,16,0
20,0,0,0
20,1,2,0
20,2,3,0
20,3,3,0
20,4,5,0
20,5,6,0
20,6,7,0
20,7,8,0
20,8,10,0
20,9,11,0
20,10,12,0
20,11,14,0
20,12,16,0
20,13,17,0
20,14,17,0
20,15,18,0
20,16,19,0
20,17,20,0
20,18,22,0
20,19,23,0
20,20,24,0
20,21,24,0
20,22,26,0
20,23,28,1
20,24,1,0
20,25,1,0
20,26,2,0
20,27,4,0
20,28,6,0
20,29,8,0
20,30,9,0
20,31,11,0
20,32,13,0
20,33,14,0
20,34,15,0
20,35,15,0
20,36,17,0
20,37,17,0
20,38,18,0
20,39,19,0
20,40,20,0
20,41,21,0
20,42,23,0
20,43,24,0
20,44,26,0
20,45,28,0
20,46,28,0
20,47,30,0
20,48,31,0
20,49,31,1
20,50,1,0
20,51,1,0
20,52,2,0
20,53,3,0
20,54,5,0
20,55,7,0
20,56,8,0
20,57,8,0
20,58,9,0
20,59,10,0
20,60,11,0
20,61,11,0
20,62,12,0
20,63,13,0
20,64,14,0
20,65,15,0
20,66,17,0
20,67,18,0
20,68,20,0
20,69,22,0
20,70,23,0
20,71,25,0
20,72,26,0
20,73,26,0
20,74,28,0
20,75,30,0
20,76,30,0
20,77,32,0
20,78,34,0
20,79,35,0
20,80,37,0
20,81,37,0
20,82,39,0
20,83,41,0
20,84,43,0
20,85,43,0
20,86,45,1
20,87,2,0
20,88,3,0
20,89,4,0
20,90,4,0
20,91,5,0
20,92,6,0
20,93,8,0
20,94,9,0
20,95,10,0
20,96,11,0
20,97,11,0
20,98,13,0
20,99,15,0
20,100,15,0
20,101,17,0
20,102,18,0
20,103,20,0
20,104,22,0
20,105,24,0
20,106,26,0
20,107,28,0
20,108,30,0
20,109,31,0
20,110,32,0
20,111,32,0
20,112,33,0
20,113,33,0
20,114,35,0
20,115,37,0
20,116,39,0
20,117,40,0
20,118,40,0
20,119,41,1
20,120,1,0
20,121,3,0
20,122,4,0
20,123,5,0
20,124,6,0
20,125,8,0
20,126,10,0
20,127,10,0
20,128,12,0
20,129,14,0
20,130,15,0
20,131,16,0
20,132,17,0
20,133,18,0
20,134,18,0
20,135,19,0
20,136,21,0
20,137,23,1
20,138,2,0
20,139,3,0
20,140,3,0
20,141,4,0
20,142,5,0
20,143,6,0
20,144,8,0
20,145,9,0
20,146,11,0
20,147,12,0
20,148,13,0
20,149,14,0
21,0,0,0
21,1,1,0
21,2,2,0
21,3,3,0
21,4,4,0
21,5,5,0
21,6,7,0
21,7,8,0
21,8,9,0
21,9,11,0
21,10,12,0
21,11,13,0
21,12,13,0
21,13,15,0
21,14,16,0
21,15,17,0
21,16,18,0
21,17,18,0
21,18,20,0
21,19,21,0
21,20,24,0
21,21,25,0
21,22,26,0
21,23,28,0
21,24,30,0
21,25,31,0
21,26,34,0
21,27,36,0
21,28,38,0
21,29,40,1
21,30,1,0
21,31,3,0
21,32,4,0
21,33,5,0
21,34,6,0
21,35,8,0
21,36,10,0
21,37,10,0
21,38,11,0
21,39,12,0
21,40,14,0
21,41,14,0
21,42,16,0
21,43,18,0
21,44,19,0
21,45,21,1
21,46,1,0
21,47,2,0
21,48,4,0
21,49,5,0
21,50,7,0
21,51,9,0
21,52,10,0
21,53,11,0
21,54,13,0
21,55,13,0
21,56,14,0
21,57,15,0
21,58,17,0
21,59,18,0
21,60,20,0
21,61,22,0
21,62,23,0
21,63,25,0
21,64,26,0
21,65,27,0
21,66,29,0
21,67,30,0
21,68,31,0
21,69,33,0
21,70,35,0
21,71,37,0
21,72,39,0
21,73,40,0
21,74,40,1
21,75,1,0
21,76,3,0
21,77,5,0
21,78,5,0
21,79,6,0
21,80,8,0
21,81,9,0
21,82,10,0
21,83,11,0
21,84,13,0
21,85,15,0
21,86,16,0
21,87,17,0
21,88,20,0
21,89,22,0
21,90,24,0
21,91,26,0
21,92,28,0
21,93,29,0
21,94,31,0
21,95,32,0
21,96,34,0
21,97,35,0
21,98,36,0
21,99,38,1
21,100,2,0
21,101,3,0
21,102,5,0
21,103,6,0
21,104,8,0
21,105,9,0
21,106,10,0
21,107,12,0
21,108,13,0
21,109,15,0
21,110,16,0
21,111,18,0
21,112,19,0
21,113,21,0
21,114,22,0
21,115,23,0
21,116,24,0
21,117,25,0
21,118,27,0
21,119,28,0
21,120,29,0
21,121,30,0
21,122,32,0
21,123,33,0
21,124,35,0
21,125,36,0
21,126,37,0
21,127,39,0
21,128,40,0
21,129,41,0
21,130,43,0
21,131,44,1
21,132,2,0
21,133,3,0
21,134,4,0
21,135,6,0
21,136,8,0
21,137,10,0
21,138,12,0
21,139,14,0
21,140,16,0
21,141,16,0
21,142,17,0
21,143,19,0
21,144,20,0
21,145,21,0
21,146,22,0
21,147,24,0
21,148,26,0
21,149,26,0
22,0,0,0
22,1,2,0
22,2,3,0
22,3,4,0
22,4,5,0
22,5,6,0
22,6,9,0
22,7,9,0
22,8,9,0
22,9,11,0
22,10,11,0
22,11,12,0
22,12,13,0
22,13,14,0
22,14,15,0
22,15,17,0
22,16,19,0
22,17,20,0
22,18,22,0
22,19,23,0
22,20,23,0
22,21,25,0
22,22,27,0
22,23,28,0
22,24,28,0
22,25,29,0
22,26,30,0
22,27,32,0
22,28,34,0
22,29,35,1
22,30,1,0
22,31,3,0
22,32,5,0
22,33,7,0
22,34,7,0
22,35,8,0
22,36,10,0
22,37,12,0
22,38,13,0
22,39,14,0
22,40,15,0
22,41,16,0
22,42,18,0
22,43,19,0
22,44,20,0
22,45,21,0
22,46,22,0
22,47,23,0
22,48,25,0
22,49,26,0
22,50,27,0
22,51,27,0
22,52,28,0
22,53,29,0
22,54,31,0
22,55,33,0
22,56,35,0
22,57,36,1
22,58,1,0
22,59,3,0
22,60,5,0
22,61,6,0
22,62,8,0
22,63,9,0
22,64,11,0
22,65,12,0
22,66,13,0
22,67,14,0
22,68,15,0
22,69,16,0
22,70,16,0
22,71,18,0
22,72,19,0
22,73,21,0
22,74,22,0
22,75,23,0
22,76,25,0
22,77,26,0
22,78,27,0
22,79,29,0
22,80,31,0
22,81,32,0
22,82,33,0
22,83,34,0
22,84,35,0
22,85,36,1
22,86,1,0
22,87,3,0
22,88,3,0
22,89,5,0
22,90,7,0
22,91,9,0
22,92,10,0
22,93,12,0
22,94,12,0
22,95,14,0
22,96,16,0
22,97,19,0
22,98,21,0
22,99,23,0
22,100,24,0
22,101,25,0
22,102,27,0
22,103,29,0
22,104,30,0
22,105,31,0
22,106,32,0
22,107,33,0
22,108,34,0
22,109,36,1
22,110,1,0
22,111,2,0
22,112,4,0
22,113,5,0
22,114,7,0
22,115,9,0
22,116,10,0
22,117,11,0
22,118,12,0
22,119,14,0
22,120,16,0
22,121,17,0
22,122,18,0
22,123,19,0
22,124,20,0
22,125,22,0
22,126,23,0
22,127,24,0
22,128,26,0
22,129,28,0
22,130,30,0
22,131,32,0
22,132,33,0
22,133,35,0
22,134,37,0
22,135,38,0
22,136,40,0
22,137,42,0
22,138,44,0
22,139,46,0
22,140,46,0
22,141,49,0
22,142,50,1
22,143,1,0
22,144,2,0
22,145,3,0
22,146,5,0
22,147,6,0
22,148,8,0
22,149,10,0
23,0,0,0
23,1,3,0
23,2,5,0
23,3,7,0
23,4,9,0
23,5,10,0
23,6,12,0
23,7,14,0
23,8,15,0
23,9,17,0
23,10,17,0
23,11,19,0
23,12,21,0
23,13,21,0
23,14,23,0
23,15,25,0
23,16,27,0
23,17,28,0
23,18,29,0
23,19,30,0
23,20,31,0
23,21,31,1
23,22,1,0
23,23,3,0
23,24,5,0
23,25,6,0
23,26,7,0
23,27,9,0
23,28,11,0
23,29,13,0
23,30,15,0
23,31,17,0
23,32,18,0
23,33,20,0
23,34,22,0
23,35,22,0
23,36,23,0
23,37,25,0
23,38,26,0
23,39,28,0
23,40,29,0
23,41,30,0
23,42,32,0
23,43,34,0
23,44,35,0
23,45,36,0
23,46,36,0
23,47,38,0
23,48,39,0
23,49,41,0
23,50,42,1
23,51,1,0
23,52,3,0
23,53,5,0
23,54,5,0
23,55,6,0
23,56,7,0
23,57,9,0
23,58,10,0
23,59,11,0
23,60,12,0
23,61,13,0
23,62,13,0
23,63,14,0
23,64,16,0
23,65,18,0
23,66,19,0
23,67,20,0
23,68,21,0
23,69,22,0
23,70,23,0
23,71,23,0
23,72,25,0
23,73,27,0
23,74,28,0
23,75,30,0
23,76,31,0
23,77,33,0
23,78,33,0
23,79,34,0
23,80,34,0
23,81,35,0
23,82,37,0
23,83,38,0
23,84,39,0
23,85,41,0
23,86,43,0
23,87,45,0
23,88,46,0
23,89,47,0
23,90,48,0
23,91,50,0
23,92,52,0
23,93,53,0
23,94,55,0
23,95,56,0
23,96,58,1
23,97,1,0
23,98,3,0
23,99,3,0
23,100,4,0
23,101,4,0
23,102,5,0
23,103,7,0
23,104,8,0
23,105,10,0
23,106,12,0
23,107,13,0
23,108,14,0
23,109,16,0
23,110,18,0
23,111,19,0
23,112,21,0
23,113,22,0
23,114,23,0
23,115,25,0
23,116,26,0
23,117,28,0
23,118,29,0
23,119,30,0
23,120,31,0
23,121,31,0
23,122,31,0
23,123,32,0
23,124,34,0
23,125,35,0
23,126,37,0
23,127,38,0
23,128,39,0
23,129,41,0
23,130,43,0
23,131,44,0
23,132,46,0
23,133,46,1
23,134,2,0
23,135,4,0
23,136,6,0
23,137,8,0
23,138,9,0
23,139,10,0
23,140,14,0
23,141,16,0
23,142,18,0
23,143,19,0
23,144,21,0
23,145,23,0
23,146,24,0
23,147,26,0
23,148,28,0
23,149,29,0
24,0,0,0
24,1,0,0
24,2,1,0
24,3,3,0
24,4,4,0
24,5,6,0
24,6,8,0
24,7,10,0
24,8,12,0
24,9,13,0
24,10,13,0
24,11,15,0
24,12,17,0
24,13,17,0
24,14,18,0
24,15,20,0
24,16,22,0
24,17,23,0
24,18,24,0
24,19,25,0
24,20,27,0
24,21,29,0
24,22,30,0
24,23,32,0
24,24,34,0
24,25,35,0
24,26,37,1
24,27,2,0
24,28,4,0
24,29,5,0
24,30,6,0
24,31,8,0
24,32,10,0
24,33,11,0
24,34,13,0
24,35,15,0
24,36,16,0
24,37,17,0
24,38,18,0
24,39,18,0
24,40,19,0
24,41,21,0
24,42,22,0
24,43,23,0
24,44,24,0
24,45,25,0
24,46,26,0
24,47,28,0
24,48,29,0
24,49,29,0
24,50,31,1
24,51,1,0
24,52,3,0
24,53,5,0
24,54,7,0
24,55,9,0
24,56,11,0
24,57,12,0
24,58,13,0
24,59,15,0
24,60,17,0
24,61,19,0
24,62,21,0
24,63,22,0
24,64,23,0
24,65,24,0
24,66,24,0
24,67,26,0
24,68,28,0
24,69,29,1
24,70,1,0
24,71,1,0
24,72,2,0
24,73,3,0
24,74,4,0
24,75,5,0
24,76,7,0
24,77,8,0
24,78,8,0
24,79,10,0
24,80,11,0
24,81,12,0
24,82,13,0
24,83,14,0
24,84,15,0
24,85,16,0
24,86,16,0
24,87,17,0
24,88,18,0
24,89,20,0
24,90,22,0
24,91,23,0
24,92,25,0
24,93,25,0
24,94,26,1
24,95,1,0
24,96,3,0
24,97,4,0
24,98,6,0
24,99,7,0
24,100,9,0
24,101,11,0
24,102,12,0
24,103,13,0
24,104,15,0
24,105,16,0
24,106,18,0
24,107,19,0
24,108,20,0
24,109,22,0
24,110,24,0
24,111,26,0
24,112,28,0
24,113,30,0
24,114,31,0
24,115,33,0
24,116,34,1
24,117,2,0
24,118,4,0
24,119,5,0
24,120,5,0
24,121,6,0
24,122,8,0
24,123,10,0
24,124,11,0
24,125,14,0
24,126,15,0
24,127,16,0
24,128,18,0
24,129,20,0
24,130,22,0
24,131,24,0
24,132,26,0
24,133,27,1
24,134,2,0
24,135,3,0
24,136,5,0
24,137,6,0
24,138,8,0
24,139,10,0
24,140,11,0
24,141,12,0
24,142,13,0
24,143,14,0
24,144,15,0
24,145,15,0
24,146,17,0
24,147,19,0
24,148,20,0
24,149,22,0
25,0,0,0
25,1,2,0
25,2,3,0
25,3,5,0
25,4,6,0
25,5,6,0
25,6,7,0
25,7,9,0
25,8,10,0
25,9,12,0
25,10,14,0
25,11,15,0
25,12,17,0
25,13,18,0
25,14,20,0
25,15,21,0
25,16,22,0
25,17,23,0
25,18,25,0
25,19,26,0
25,20,27,0
25,21,28,0
25,22,30,0
25,23,32,0
25,24,33,1
25,25,1,0
25,26,3,0
25,27,5,0
25,28,5,0
25,29,7,0
25,30,9,0
25,31,11,0
25,32,14,0
25,33,15,0
25,34,17,0
25,35,18,0
25,36,20,0
25,37,21,0
25,38,22,0
25,39,23,0
25,40,24,0
25,41,24,0
25,42,26,1
25,43,0,0
25,44,2,0
25,45,3,0
25,46,4,0
25,47,5,0
25,48,7,0
25,49,8,0
25,50,10,0
25,51,12,0
25,52,13,0
25,53,13,0
25,54,15,0
25,55,17,0
25,56,18,0
25,57,19,0
25,58,20,0
25,59,21,0
25,60,22,0
25,61,23,0
25,62,24,0
25,63,24,0
25,64,25,0
25,65,26,0
25,66,27,1
25,67,2,0
25,68,3,0
25,69,4,0
25,70,6,0
25,71,8,0
25,72,10,0
25,73,11,0
25,74,12,0
25,75,13,0
25,76,14,0
25,77,15,0
25,78,17,0
25,79,18,0
25,80,19,0
25,81,21,0
25,82,23,0
25,83,24,0
25,84,25,0
25,85,26,0
25,86,28,0
25,87,29,0
25,88,29,0
25,89,31,0
25,90,33,0
25,91,33,0
25,92,33,0
25,93,34,0
25,94,36,0
25,95,38,1
25,96,2,0
25,97,3,0
25,98,5,0
25,99,7,0
25,100,8,0
25,101,9,0
25,102,10,0
25,103,11,0
25,104,12,0
25,105,14,0
25,106,17,0
25,107,19,0
25,108,21,0
25,109,23,0
25,110,24,0
25,111,25,0
25,112,26,0
25,113,28,0
25,114,29,0
25,115,30,1
25,116,2,0
25,117,3,0
25,118,4,0
25,119,6,0
25,120,8,0
25,121,9,0
25,122,11,0
25,123,13,0
25,124,14,0
25,125,15,0
25,126,16,0
25,127,18,0
25,128,20,0
25,129,21,0
25,130,22,0
25,131,24,0
25,132,27,0
25,133,28,0
25,134,29,0
25,135,30,0
25,136,31,0
25,137,33,0
25,138,35,0
25,139,37,0
25,140,38,0
25,141,39,0
25,142,40,0
25,143,42,0
25,144,44,0
25,145,46,0
25,146,48,0
25,147,48,0
25,148,50,0
25,149,50,0
26,0,0,0
26,1,1,0
26,2,2,0
26,3,3,0
26,4,5,0
26,5,7,0
26,6,9,0
26,7,10,0
26,8,12,0
26,9,14,0
26,10,16,0
26,11,18,0
26,12,19,0
26,13,21,0
26,14,21,0
26,15,23,0
26,16,24,0
26,17,26,0
26,18,26,0
26,19,27,0
26,20,29,0
26,21,30,0
26,22,32,0
26,23,32,0
26,24,34,0
26,25,36,1
26,26,2,0
26,27,4,0
26,28,6,0
26,29,7,0
26,30,8,0
26,31,9,0
26,32,11,0
26,33,12,0
26,34,14,0
26,35,16,0
26,36,18,0
26,37,20,0
26,38,22,0
26,39,23,1
26,40,1,0
26,41,2,0
26,42,4,0
26,43,5,0
26,44,7,0
26,45,9,0
26,46,11,0
26,47,12,0
26,48,14,0
26,49,15,0
26,50,16,0
26,51,17,0
26,52,18,0
26,53,20,0
26,54,21,0
26,55,23,0
26,56,24,0
26,57,26,0
26,58,27,0
26,59,28,0
26,60,29,0
26,61,31,0
26,62,33,0
26,63,35,0
26,64,36,0
26,65,38,0
26,66,39,0
26,67,40,0
26,68,42,0
26,69,44,0
26,70,45,0
26,71,47,0
26,72,49,0
26,73,50,0
26,74,50,1
26,75,0,0
26,76,2,0
26,77,3,0
26,78,4,0
26,79,5,0
26,80,6,0
26,81,6,0
26,82,6,0
26,83,7,0
26,84,9,0
26,85,10,0
26,86,12,0
26,87,13,0
26,88,15,0
26,89,17,0
26,90,19,0
26,91,20,0
26,92,21,0
26,93,22,0
26,94,24,0
26,95,26,0
26,96,28,1
26,97,2,0
26,98,2,0
26,99,2,0
26,100,4,0
26,101,5,0
26,102,7,0
26,103,8,0
26,104,10,0
26,105,11,0
26,106,11,0
26,107,11,0
26,108,13,0
26,109,14,0
26,110,16,0
26,111,18,0
26,112,19,0
26,113,21,1
26,114,2,0
26,115,3,0
26,116,5,0
26,117,7,0
26,118,8,0
26,119,10,0
26,120,11,0
26,121,12,0
26,122,13,0
26,123,14,0
26,124,16,0
26,125,17,0
26,126,19,0
26,127,20,0
26,128,21,0
26,129,22,0
26,130,23,0
26,131,25,0
26,132,27,0
26,133,27,0
26,134,29,0
26,135,30,0
26,136,31,0
26,137,32,0
26,138,34,0
26,139,36,0
26,140,37,0
26,141,39,0
26,142,40,0
26,143,41,1
26,144,1,0
26,145,3,0
26,146,4,0
26,147,5,0
26,148,6,0
26,149,7,0
27,0,0,0
27,1,2,0
27,2,4,0
27,3,6,0
27,4,8,0
27,5,10,0
27,6,12,0
27,7,13,0
27,8,14,0
27,9,16,0
27,10,18,0
27,11,19,0
27,12,20,0
27,13,21,0
27,14,23,0
27,15,24,0
27,16,25,0
27,17,27,0
27,18,29,1
27,19,2,0
27,20,4,0
27,21,5,0
27,22,7,0
27,23,9,0
27,24,10,0
27,25,11,0
27,26,12,0
27,27,14,0
27,28,15,0
27,29,16,0
27,30,17,0
27,31,18,0
27,32,20,0
27,33,20,0
27,34,21,0
27,35,23,0
27,36,24,0
27,37,25,0
27,38,26,0
27,39,26,0
27,40,27,0
27,41,29,0
27,42,29,0
27,43,31,0
27,44,32,0
27,45,33,0
27,46,34,1
27,47,0,0
27,48,2,0
27,49,3,0
27,50,3,0
27,51,5,0
27,52,6,0
27,53,6,0
27,54,8,0
27,55,9,0
27,56,11,0
27,57,13,0
27,58,15,0
27,59,16,0
27,60,17,0
27,61,19,0
27,62,21,0
27,63,23,0
27,64,24,1
27,65,1,0
27,66,1,0
27,67,3,0
27,68,6,0
27,69,8,0
27,70,10,0
27,71,12,0
27,72,12,0
27,73,12,0
27,74,13,0
27,75,14,0
27,76,15,0
27,77,16,0
27,78,18,0
27,79,19,0
27,80,20,0
27,81,20,0
27,82,21,0
27,83,22,0
27,84,23,0
27,85,24,0
27,86,26,0
27,87,28,0
27,88,29,0
27,89,30,0
27,90,32,0
27,91,32,0
27,92,34,0
27,93,36,0
27,94,37,0
27,95,39,0
27,96,41,0
27,97,41,0
27,98,43,1
27,99,1,0
27,100,3,0
27,101,5,0
27,102,6,0
27,103,8,0
27,104,11,0
27,105,13,0
27,106,15,0
27,107,17,0
27,108,18,0
27,109,19,0
27,110,20,0
27,111,22,0
27,112,23,0
27,113,25,0
27,114,26,0
27,115,28,0
27,116,29,0
27,117,29,0
27,118,30,0
27,119,30,0
27,120,30,0
27,121,32,0
27,122,33,0
27,123,35,0
27,124,37,0
27,125,38,0
27,126,39,0
27,127,40,0
27,128,40,0
27,129,41,0
27,130,43,1
27,131,0,0
27,132,2,0
27,133,4,0
27,134,6,0
27,135,7,0
27,136,9,0
27,137,11,0
27,138,11,0
27,139,13,0
27,140,15,0
27,141,17,0
27,142,19,0
27,143,20,0
27,144,21,0
27,145,23,0
27,146,25,0
27,147,26,0
27,148,27,0
27,149,29,0
28,0,0,0
28,1,0,0
28,2,1,0
28,3,2,0
28,4,3,0
28,5,4,0
28,6,5,0
28,7,7,0
28,8,10,0
28,9,12,0
28,10,15,0
28,11,17,0
28,12,19,0
28,13,20,0
28,14,21,1
28,15,1,0
28,16,2,0
28,17,4,0
28,18,6,0
28,19,8,0
28,20,10,0
28,21,11,0
28,22,13,0
28,23,14,0
28,24,15,0
28,25,15,0
28,26,16,0
28,27,18,0
28,28,19,0
28,29,21,0
28,30,23,0
28,31,24,0
28,32,25,0
28,33,26,0
28,34,28,0
28,35,28,0
28,36,29,0
28,37,31,0
28,38,32,0
28,39,34,0
28,40,36,0
28,41,37,0
28,42,38,0
28,43,40,0
28,44,42,0
28,45,44,1
28,46,0,0
28,47,2,0
28,48,3,0
28,49,4,0
28,50,5,0
28,51,6,0
28,52,6,0
28,53,7,0
28,54,9,0
28,55,10,0
28,56,12,0
28,57,13,0
28,58,14,0
28,59,16,0
28,60,18,0
28,61,19,0
28,62,20,0
28,63,21,0
28,64,23,0
28,65,25,0
28,66,26,0
28,67,28,0
28,68,30,0
28,69,32,0
28,70,33,0
28,71,34,1
28,72,1,0
28,73,2,0
28,74,3,0
28,75,4,0
28,76,5,0
28,77,7,0
28,78,7,0
28,79,8,0
28,80,10,0
28,81,12,0
28,82,14,0
28,83,15,0
28,84,17,0
28,85,19,0
28,86,20,0
28,87,20,0
28,88,21,0
28,89,23,0
28,90,25,0
28,91,27,0
28,92,28,0
28,93,29,0
28,94,30,0
28,95,31,0
28,96,33,0
28,97,33,0
28,98,35,1
28,99,2,0
28,100,4,0
28,101,4,0
28,102,4,0
28,103,6,0
28,104,7,0
28,105,8,0
28,106,9,0
28,107,10,0
28,108,11,0
28,109,13,0
28,110,14,0
28,111,15,0
28,112,16,0
28,113,18,0
28,114,20,0
28,115,21,0
28,116,23,0
28,117,25,0
28,118,26,0
28,119,27,0
28,120,28,0
28,121,30,0
28,122,30,0
28,123,32,0
28,124,33,0
28,125,35,0
28,126,36,0
28,127,37,0
28,128,39,1
28,129,1,0
28,130,3,0
28,131,5,0
28,132,7,0
28,133,8,0
28,134,10,0
28,135,11,0
28,136,12,0
28,137,12,0
28,138,14,0
28,139,15,0
28,140,15,0
28,141,17,0
28,142,19,0
28,143,19,0
28,144,20,0
28,145,22,0
28,146,24,0
28,147,25,0
28,148,27,0
28,149,28,0
29,0,0,0
29,1,1,0
29,2,3,0
29,3,5,0
29,4,7,0
29,5,9,0
29,6,10,0
29,7,12,0
29,8,13,0
29,9,15,0
29,10,16,0
29,11,17,0
29,12,17,0
29,13,18,0
29,14,20,0
29,15,20,0
29,16,21,0
29,17,22,0
29,18,22,0
29,19,23,0
29,20,24,0
29,21,25,0
29,22,25,0
29,23,27,0
29,24,29,0
29,25,29,0
29,26,31,0
29,27,32,0
29,28,34,0
29,29,36,1
29,30,1,0
29,31,3,0
29,32,4,0
29,33,6,0
29,34,7,0
29,35,9,0
29,36,11,0
29,37,11,0
29,38,13,0
29,39,14,0
29,40,16,0
29,41,18,0
29,42,19,0
29,43,21,0
29,44,22,0
29,45,24,0
29,46,26,0
29,47,28,0
29,48,30,0
29,49,31,0
29,50,33,0
29,51,34,0
29,52,35,0
29,53,35,1
29,54,1,0
29,55,1,0
29,56,2,0
29,57,4,0
29,58,6,0
29,59,8,0
29,60,9,0
29,61,11,0
29,62,13,0
29,63,14,0
29,64,16,0
29,65,17,0
29,66,19,0
29,67,21,0
29,68,21,0
29,69,23,0
29,70,25,0
29,71,28,0
29,72,29,0
29,73,31,0
29,74,31,0
29,75,32,0
29,76,33,0
29,77,34,0
29,78,36,0
29,79,37,1
29,80,2,0
29,81,2,0
29,82,4,0
29,83,6,0
29,84,8,0
29,85,9,0
29,86,10,0
29,87,11,0
29,88,13,0
29,89,14,0
29,90,16,0
29,91,17,0
29,92,19,0
29,93,21,0
29,94,22,0
29,95,24,0
29,96,25,0
29,97,27,0
29,98,28,0
29,99,28,0
29,100,28,0
29,101,30,0
29,102,31,0
29,103,33,0
29,104,35,1
29,105,1,0
29,106,3,0
29,107,5,0
29,108,6,0
29,109,7,0
29,110,8,0
29,111,10,0
29,112,11,0
29,113,13,0
29,114,14,0
29,115,16,0
29,116,17,0
29,117,19,0
29,118,21,0
29,119,23,0
29,120,24,0
29,121,26,0
29,122,28,0
29,123,30,1
29,124,1,0
29,125,3,0
29,126,4,0
29,127,4,0
29,128,5,0
29,129,7,0
29,130,9,0
29,131,10,0
29,132,12,0
29,133,13,0
29,134,14,0
29,135,15,0
29,136,16,0
29,137,17,0
29,138,19,0
29,139,20,0
29,140,21,0
29,141,22,0
29,142,23,0
29,143,23,0
29,144,24,0
29,145,26,0
29,146,28,0
29,147,30,0
29,148,32,0
29,149,34,0
30,0,0,0
30,1,2,0
30,2,2,0
30,3,2,0
30,4,2,0
30,5,2,0
30,6,4,0
30,7,5,0
30,8,6,0
30,9,7,0
30,10,8,0
30,11,8,0
30,12,9,0
30,13,11,0
30,14,12,0
30,15,14,0
30,16,14,0
30,17,15,0
30,18,15,0
30,19,16,0
30,20,18,0
30,21,19,0
30,22,21,0
30,23,22,0
30,24,24,0
30,25,26,0
30,26,26,0
30,27,28,0
30,28,29,0
30,29,31,1
30,30,1,0
30,31,2,0
30,32,3,0
30,33,3,0
30,34,4,0
30,35,4,0
30,36,4,0
30,37,5,0
30,38,7,0
30,39,9,0
30,40,11,0
30,41,12,0
30,42,14,0
30,43,15,0
30,44,16,0
30,45,17,0
30,46,18,0
30,47,20,1
30,48,1,0
30,49,3,0
30,50,4,0
30,51,6,0
30,52,7,0
30,53,9,0
30,54,11,0
30,55,13,0
30,56,14,0
30,57,15,0
30,58,15,0
30,59,17,0
30,60,19,0
30,61,20,0
30,62,22,0
30,63,23,0
30,64,25,0
30,65,26,0
30,66,27,0
30,67,29,0
30,68,29,0
30,69,30,0
30,70,30,0
30,71,30,0
30,72,32,0
30,73,34,0
30,74,35,0
30,75,37,0
30,76,39,0
30,77,41,0
30,78,43,0
30,79,45,0
30,80,46,0
30,81,48,0
30,82,50,0
30,83,51,1
30,84,2,0
30,85,4,0
30,86,5,0
30,87,7,0
30,88,8,0
30,89,9,0
30,90,11,0
30,91,12,0
30,92,13,0
30,93,15,0
30,94,17,0
30,95,18,0
30,96,20,0
30,97,22,0
30,98,23,0
30,99,24,0
30,100,25,0
30,101,26,0
30,102,27,0
30,103,28,0
30,104,29,0
30,105,30,0
30,106,32,0
30,107,33,0
30,108,35,0
30,109,36,0
30,110,39,1
30,111,1,0
30,112,2,0
30,113,4,0
30,114,5,0
30,115,6,0
30,116,7,0
30,117,9,0
30,118,11,0
30,119,13,0
30,120,15,0
30,121,16,0
30,122,17,0
30,123,18,0
30,124,19,0
30,125,21,0
30,126,22,0
30,127,24,0
30,128,25,0
30,129,26,0
30,130,27,0
30,131,29,0
30,132,30,0
30,133,31,0
30,134,32,0
30,135,33,1
30,136,2,0
30,137,4,0
30,138,5,0
30,139,7,0
30,140,9,0
30,141,10,0
30,142,11,0
30,143,13,0
30,144,15,0
30,145,17,0
30,146,18,0
30,147,20,0
30,148,21,0
30,149,23,0
31,0,0,0
31,1,1,0
31,2,2,0
31,3,3,0
31,4,4,0
31,5,5,0
31,6,6,0
31,7,8,0
31,8,9,0
31,9,9,0
31,10,11,0
31,11,13,0
31,12,15,0
31,13,17,0
31,14,19,0
31,15,20,0
31,16,21,0
31,17,22,0
31,18,24,0
31,19,25,0
31,20,26,0
31,21,27,0
31,22,29,0
31,23,29,0
31,24,30,0
31,25,31,0
31,26,31,0
31,27,32,0
31,28,32,0
31,29,32,1
31,30,2,0
31,31,3,0
31,32,4,0
31,33,6,0
31,34,7,0
31,35,9,0
31,36,11,0
31,37,12,0
31,38,12,0
31,39,14,0
31,40,15,1
31,41,2,0
31,42,3,0
31,43,5,0
31,44,7,0
31,45,8,0
31,46,9,0
31,47,10,0
31,48,12,0
31,49,13,0
31,50,13,0
31,51,15,0
31,52,16,0
31,53,18,0
31,54,18,0
31,55,19,0
31,56,21,0
31,57,23,0
31,58,24,0
31,59,24,0
31,60,25,0
31,61,26,0
31,62,27,0
31,63,29,0
31,64,31,0
31,65,33,0
31,66,34,0
31,67,36,0
31,68,37,0
31,69,39,0
31,70,41,0
31,71,42,0
31,72,43,0
31,73,43,1
31,74,1,0
31,75,3,0
31,76,5,0
31,77,7,0
31,78,9,0
31,79,11,0
31,80,12,0
31,81,14,0
31,82,16,0
31,83,18,0
31,84,20,0
31,85,22,0
31,86,23,1
31,87,1,0
31,88,2,0
31,89,3,0
31,90,5,0
31,91,6,0
31,92,7,0
31,93,8,0
31,94,9,0
31,95,10,0
31,96,11,0
31,97,13,0
31,98,14,0
31,99,15,0
31,100,17,0
31,101,19,0
31,102,20,0
31,103,22,0
31,104,23,0
31,105,24,1
31,106,1,0
31,107,3,0
31,108,5,0
31,109,7,0
31,110,7,0
31,111,9,0
31,112,10,0
31,113,11,0
31,114,13,0
31,115,15,0
31,116,16,0
31,117,18,0
31,118,18,0
31,119,20,0
31,120,21,0
31,121,22,0
31,122,24,0
31,123,26,1
31,124,2,0
31,125,2,0
31,126,3,0
31,127,3,0
31,128,4,0
31,129,5,0
31,130,7,0
31,131,8,0
31,132,9,0
31,133,10,0
31,134,12,0
31,135,14,0
31,136,16,0
31,137,16,0
31,138,18,0
31,139,19,0
31,140,19,0
31,141,20,0
31,142,21,0
31,143,23,0
31,144,25,0
31,145,27,0
31,146,29,0
31,147,30,0
31,148,32,0
31,149,32,0
32,0,0,0
32,1,2,0
32,2,3,0
32,3,4,0
32,4,5,0
32,5,6,0
32,6,8,0
32,7,10,0
32,8,11,0
32,9,13,0
32,10,15,0
32,11,17,0
32,12,19,0
32,13,20,0
32,14,21,0
32,15,23,0
32,16,24,0
32,17,26,1
32,18,1,0
32,19,2,0
32,20,3,0
32,21,5,0
32,22,7,0
32,23,8,0
32,24,9,0
32,25,10,0
32,26,11,0
32,27,13,0
32,28,15,0
32,29,18,0
32,30,18,0
32,31,18,0
32,32,20,0
32,33,22,0
32,34,23,0
32,35,25,0
32,36,27,0
32,37,29,0
32,38,30,0
32,39,31,1
32,40,2,0
32,41,4,0
32,42,5,0
32,43,6,0
32,44,7,0
32,45,8,0
32,46,10,0
32,47,12,0
32,48,12,0
32,49,13,0
32,50,15,0
32,51,17,0
32,52,20,0
32,53,22,0
32,54,24,0
32,55,25,0
32,56,25,0
32,57,27,0
32,58,29,0
32,59,30,0
32,60,32,0
32,61,33,0
32,62,35,1
32,63,2,0
32,64,4,0
32,65,4,0
32,66,6,0
32,67,7,0
32,68,8,0
32,69,9,0
32,70,10,0
32,71,10,0
32,72,11,0
32,73,12,0
32,74,14,0
32,75,15,0
32,76,17,0
32,77,19,0
32,78,19,0
32,79,21,0
32,80,23,0
32,81,24,0
32,82,25,0
32,83,26,0
32,84,27,0
32,85,28,0
32,86,30,1
32,87,2,0
32,88,3,0
32,89,3,0
32,90,6,0
32,91,8,0
32,92,9,0
32,93,10,0
32,94,12,0
32,95,14,0
32,96,16,0
32,97,17,0
32,98,19,0
32,99,20,0
32,100,22,0
32,101,22,0
32,102,24,0
32,103,26,0
32,104,28,0
32,105,29,0
32,106,30,0
32,107,30,0
32,108,32,0
32,109,34,0
32,110,34,0
32,111,36,0
32,112,38,1
32,113,2,0
32,114,4,0
32,115,5,0
32,116,5,0
32,117,6,0
32,118,6,0
32,119,6,0
32,120,7,0
32,121,9,0
32,122,12,0
32,123,13,0
32,124,15,0
32,125,17,0
32,126,17,0
32,127,18,0
32,128,19,0
32,129,21,0
32,130,23,0
32,131,25,0
32,132,26,0
32,133,28,0
32,134,29,0
32,135,30,0
32,136,30,0
32,137,32,0
32,138,33,1
32,139,0,0
32,140,1,0
32,141,1,0
32,142,2,0
32,143,4,0
32,144,5,0
32,145,7,0
32,146,9,0
32,147,11,0
32,148,13,0
32,149,14,0
33,0,0,0
33,1,2,0
33,2,3,0
33,3,4,0
33,4,5,0
33,5,6,0
33,6,7,0
33,7,8,0
33,8,10,0
33,9,11,0
33,10,13,0
33,11,15,0
33,12,17,0
33,13,18,0
33,14,20,0
33,15,21,0
33,16,22,1
33,17,1,0
33,18,2,0
33,19,3,0
33,20,4,0
33,21,6,0
33,22,8,0
33,23,10,0
33,24,12,0
33,25,12,0
33,26,14,0
33,27,14,0
33,28,16,0
33,29,18,0
33,30,19,0
33,31,21,0
33,32,23,0
33,33,25,0
33,34,27,0
33,35,28,1
33,36,2,0
33,37,4,0
33,38,6,0
33,39,7,0
33,40,9,0
33,41,11,0
33,42,12,0
33,43,14,0
33,44,15,0
33,45,17,0
33,46,17,0
33,47,19,0
33,48,21,0
33,49,22,0
33,50,23,0
33,51,23,0
33,52,24,0
33,53,24,0
33,54,25,0
33,55,26,0
33,56,27,0
33,57,28,0
33,58,29,1
33,59,2,0
33,60,3,0
33,61,5,0
33,62,7,0
33,63,8,0
33,64,9,0
33,65,11,0
33,66,13,0
33,67,15,0
33,68,17,0
33,69,18,0
33,70,20,0
33,71,21,0
33,72,23,0
33,73,24,0
33,74,25,0
33,75,27,0
33,76,29,0
33,77,31,0
33,78,33,0
33,79,35,0
33,80,37,0
33,81,40,0
33,82,41,0
33,83,43,0
33,84,43,0
33,85,43,1
33,86,1,0
33,87,3,0
33,88,5,0
33,89,7,0
33,90,9,0
33,91,10,0
33,92,11,0
33,93,13,0
33,94,14,0
33,95,15,0
33,96,16,0
33,97,18,0
33,98,20,0
33,99,21,0
33,100,23,0
33,101,25,0
33,102,27,0
33,103,29,0
33,104,31,0
33,105,33,0
33,106,35,0
33,107,36,0
33,108,37,0
33,109,39,0
33,110,40,0
33,111,42,1
33,112,2,0
33,113,2,0
33,114,4,0
33,115,6,0
33,116,8,0
33,117,9,0
33,118,9,0
33,119,11,0
33,120,13,0
33,121,14,0
33,122,15,0
33,123,16,0
33,124,18,0
33,125,19,0
33,126,19,1
33,127,1,0
33,128,2,0
33,129,3,0
33,130,3,0
33,131,3,0
33,132,4,0
33,133,6,0
33,134,7,0
33,135,9,0
33,136,11,0
33,137,12,0
33,138,14,0
33,139,16,0
33,140,18,0
33,141,19,0
33,142,21,0
33,143,22,0
33,144,23,0
33,145,24,0
33,146,26,0
33,147,27,0
33,148,27,1
33,149,2,0
34,0,0,0
34,1,1,0
34,2,2,0
34,3,4,0
34,4,6,0
34,5,6,0
34,6,8,0
34,7,10,0
34,8,11,0
34,9,12,0
34,10,14,0
34,11,16,0
34,12,17,0
34,13,17,0
34,14,18,0
34,15,20,0
34,16,22,0
34,17,23,0
34,18,24,0
34,19,25,0
34,20,26,0
34,21,27,0
34,22,28,0
34,23,29,1
34,24,2,0
34,25,2,0
34,26,4,0
34,27,6,0
34,28,7,0
34,29,7,0
34,30,8,0
34,31,10,0
34,32,12,0
34,33,13,0
34,34,13,0
34,35,15,0
34,36,17,0
34,37,19,0
34,38,19,0
34,39,21,0
34,40,22,0
34,41,23,0
34,42,23,1
34,43,0,0
34,44,0,0
34,45,0,0
34,46,2,0
34,47,2,0
34,48,3,0
34,49,4,0
34,50,4,0
34,51,5,0
34,52,6,0
34,53,8,0
34,54,10,0
34,55,12,0
34,56,14,0
34,57,15,0
34,58,15,0
34,59,15,0
34,60,16,0
34,61,17,0
34,62,18,0
34,63,19,0
34,64,20,0
34,65,22,0
34,66,22,0
34,67,23,0
34,68,24,0
34,69,25,0
34,70,27,0
34,71,29,1
34,72,2,0
34,73,3,0
34,74,5,0
34,75,5,0
34,76,6,0
34,77,8,0
34,78,10,0
34,79,11,0
34,80,13,0
34,81,15,0
34,82,16,0
34,83,17,0
34,84,18,0
34,85,20,0
34,86,22,0
34,87,24,0
34,88,26,0
34,89,28,0
34,90,30,0
34,91,32,0
34,92,34,0
34,93,36,0
34,94,38,1
34,95,2,0
34,96,3,0
34,97,4,0
34,98,5,0
34,99,5,0
34,100,7,0
34,101,8,0
34,102,9,0
34,103,9,0
34,104,12,0
34,105,15,0
34,106,15,0
34,107,17,0
34,108,18,0
34,109,19,0
34,110,21,0
34,111,22,0
34,112,24,0
34,113,24,0
34,114,26,0
34,115,28,0
34,116,29,0
34,117,30,0
34,118,31,0
34,119,32,0
34,120,34,1
34,121,2,0
34,122,3,0
34,123,3,0
34,124,4,0
34,125,5,0
34,126,7,0
34,127,8,0
34,128,10,0
34,129,11,0
34,130,13,0
34,131,14,0
34,132,16,0
34,133,18,0
34,134,19,0
34,135,20,0
34,136,20,0
34,137,22,0
34,138,22,0
34,139,24,0
34,140,26,0
34,141,27,0
34,142,28,0
34,143,30,0
34,144,32,0
34,145,34,0
34,146,35,0
34,147,37,0
34,148,39,1
34,149,2,0
35,0,0,0
35,1,1,0
35,2,3,0
35,3,4,0
35,4,6,0
35,5,7,0
35,6,9,0
35,7,10,0
35,8,11,0
35,9,12,0
35,10,13,0
35,11,15,0
35,12,17,0
35,13,19,0
35,14,21,0
35,15,22,0
35,16,24,0
35,17,25,0
35,18,26,0
35,19,27,0
35,20,28,0
35,21,30,0
35,22,32,0
35,23,33,0
35,24,33,0
35,25,34,0
35,26,36,0
35,27,36,1
35,28,2,0
35,29,3,0
35,30,4,0
35,31,5,0
35,32,7,0
35,33,8,0
35,34,10,0
35,35,11,0
35,36,13,0
35,37,15,0
35,38,17,0
35,39,19,0
35,40,21,0
35,41,22,0
35,42,24,0
35,43,26,0
35,44,28,0
35,45,30,0
35,46,32,0
35,47,32,0
35,48,34,0
35,49,36,0
35,50,36,0
35,51,38,0
35,52,38,0
35,53,39,0
35,54,39,0
35,55,39,0
35,56,41,0
35,57,42,0
35,58,43,0
35,59,45,0
35,60,46,0
35,61,48,0
35,62,50,1
35,63,2,0
35,64,4,0
35,65,6,0
35,66,8,0
35,67,9,0
35,68,10,0
35,69,11,0
35,70,13,0
35,71,15,0
35,72,16,0
35,73,18,0
35,74,20,0
35,75,22,0
35,76,24,0
35,77,26,0
35,78,27,1
35,79,1,0
35,80,2,0
35,81,4,0
35,82,6,0
35,83,7,0
35,84,9,0
35,85,11,0
35,86,13,0
35,87,15,0
35,88,15,0
35,89,16,0
35,90,17,0
35,91,17,0
35,92,17,0
35,93,18,0
35,94,19,0
35,95,19,0
35,96,20,0
35,97,22,0
35,98,22,0
35,99,23,0
35,100,25,0
35,101,26,0
35,102,27,0
35,103,28,0
35,104,30,0
35,105,31,0
35,106,33,0
35,107,34,1
35,108,1,0
35,109,2,0
35,110,3,0
35,111,5,0
35,112,7,0
35,113,8,0
35,114,9,0
35,115,11,0
35,116,13,0
35,117,14,0
35,118,15,0
35,119,17,0
35,120,19,0
35,121,21,0
35,122,23,0
35,123,23,0
35,124,25,0
35,125,26,0
35,126,27,0
35,127,28,0
35,128,30,0
35,129,31,0
35,130,33,1
35,131,2,0
35,132,3,0
35,133,5,0
35,134,6,0
35,135,7,0
35,136,9,0
35,137,11,0
35,138,13,0
35,139,15,0
35,140,17,0
35,141,19,0
35,142,20,0
35,143,22,0
35,144,23,0
35,145,24,0
35,146,26,0
35,147,27,0
35,148,28,1
35,149,1,0
36,0,0,0
36,1,2,0
36,2,2,0
36,3,3,0
36,4,5,0
36,5,6,0
36,6,8,0
36,7,8,0
36,8,10,0
36,9,12,0
36,10,13,0
36,11,14,0
36,12,16,0
36,13,17,0
36,14,19,0
36,15,20,0
36,16,21,0
36,17,22,0
36,18,24,0
36,19,26,0
36,20,27,0
36,21,27,0
36,22,29,0
36,23,31,0
36,24,33,0
36,25,34,0
36,26,35,0
36,27,37,0
36,28,39,0
36,29,41,0
36,30,42,0
36,31,44,1
36,32,0,0
36,33,1,0
36,34,2,0
36,35,3,0
36,36,4,0
36,37,6,0
36,38,7,0
36,39,8,0
36,40,10,0
36,41,12,0
36,42,14,0
36,43,16,0
36,44,17,0
36,45,17,0
36,46,19,0
36,47,21,0
36,48,23,0
36,49,25,0
36,50,26,0
36,51,27,0
36,52,28,0
36,53,30,0
36,54,32,0
36,55,34,0
36,56,35,1
36,57,0,0
36,58,1,0
36,59,3,0
36,60,4,0
36,61,5,0
36,62,6,0
36,63,7,0
36,64,9,0
36,65,10,0
36,66,11,0
36,67,12,0
36,68,13,0
36,69,14,0
36,70,16,0
36,71,19,0
36,72,19,0
36,73,20,0
36,74,22,0
36,75,24,1
36,76,1,0
36,77,2,0
36,78,3,0
36,79,4,0
36,80,5,0
36,81,7,0
36,82,8,0
36,83,10,0
36,84,11,0
36,85,12,0
36,86,13,0
36,87,14,0
36,88,15,0
36,89,16,0
36,90,17,0
36,91,19,0
36,92,20,0
36,93,22,1
36,94,2,0
36,95,4,0
36,96,6,0
36,97,8,0
36,98,10,0
36,99,11,0
36,100,13,0
36,101,14,0
36,102,16,0
36,103,17,0
36,104,17,0
36,105,18,0
36,106,18,0
36,107,20,1
36,108,1,0
36,109,3,0
36,110,4,0
36,111,6,0
36,112,8,0
36,113,10,0
36,114,12,0
36,115,13,0
36,116,15,0
36,117,16,0
36,118,17,0
36,119,18,0
36,120,20,0
36,121,22,0
36,122,22,0
36,123,24,0
36,124,26,0
36,125,26,0
36,126,27,0
36,127,28,1
36,128,1,0
36,129,3,0
36,130,4,0
36,131,5,0
36,132,6,0
36,133,7,0
36,134,8,0
36,135,9,0
36,136,11,0
36,137,11,0
36,138,12,0
36,139,14,0
36,140,15,0
36,141,16,0
36,142,16,0
36,143,17,0
36,144,19,0
36,145,21,0
36,146,22,0
36,147,23,0
36,148,25,0
36,149,27,0
37,0,0,0
37,1,2,0
37,2,4,0
37,3,6,0
37,4,7,0
37,5,9,0
37,6,10,0
37,7,11,0
37,8,12,0
37,9,14,0
37,10,16,0
37,11,17,0
37,12,18,0
37,13,20,1
37,14,1,0
37,15,2,0
37,16,4,0
37,17,5,0
37,18,7,0
37,19,9,0
37,20,10,0
37,21,11,0
37,22,13,0
37,23,15,0
37,24,16,0
37,25,17,0
37,26,18,0
37,27,19,0
37,28,20,0
37,29,22,0
37,30,24,0
37,31,26,0
37,32,28,0
37,33,30,0
37,34,32,0
37,35,32,0
37,36,34,0
37,37,36,0
37,38,37,1
37,39,0,0
37,40,1,0
37,41,3,0
37,42,5,0
37,43,7,0
37,44,10,0
37,45,11,0
37,46,12,0
37,47,14,0
37,48,17,0
37,49,19,0
37,50,20,0
37,51,21,0
37,52,22,0
37,53,24,0
37,54,26,0
37,55,28,0
37,56,29,0
37,57,31,0
37,58,32,0
37,59,34,0
37,60,36,0
37,61,37,0
37,62,38,0
37,63,39,1
37,64,2,0
37,65,3,0
37,66,5,0
37,67,6,0
37,68,6,0
37,69,8,0
37,70,9,0
37,71,9,0
37,72,11,0
37,73,11,0
37,74,12,0
37,75,13,0
37,76,15,0
37,77,16,0
37,78,18,0
37,79,19,0
37,80,19,0
37,81,20,0
37,82,21,0
37,83,22,0
37,84,24,0
37,85,25,0
37,86,27,0
37,87,27,0
37,88,29,0
37,89,30,0
37,90,32,0
37,91,32,0
37,92,33,0
37,93,35,0
37,94,35,0
37,95,35,0
37,96,36,0
37,97,37,0
37,98,39,0
37,99,41,0
37,100,43,0
37,101,44,0
37,102,45,0
37,103,47,0
37,104,49,1
37,105,1,0
37,106,2,0
37,107,4,0
37,108,5,0
37,109,6,0
37,110,8,0
37,111,9,0
37,112,9,0
37,113,11,0
37,114,13,0
37,115,14,0
37,116,15,0
37,117,16,0
37,118,18,0
37,119,20,0
37,120,21,0
37,121,22,0
37,122,23,0
37,123,25,0
37,124,27,0
37,125,29,0
37,126,31,0
37,127,33,0
37,128,34,0
37,129,35,0
37,130,37,1
37,131,1,0
37,132,3,0
37,133,4,0
37,134,5,0
37,135,7,0
37,136,9,0
37,137,11,0
37,138,12,0
37,139,13,0
37,140,14,0
37,141,17,0
37,142,19,0
37,143,20,0
37,144,22,0
37,145,23,0
37,146,24,0
37,147,25,0
37,148,27,0
37,149,29,0
38,0,0,0
38,1,1,0
38,2,2,0
38,3,2,0
38,4,3,0
38,5,4,0
38,6,5,0
38,7,7,0
38,8,7,0
38,9,8,0
38,10,10,0
38,11,12,0
38,12,14,0
38,13,14,0
38,14,15,0
38,15,16,0
38,16,17,0
38,17,18,0
38,18,20,0
38,19,22,0
38,20,22,0
38,21,23,0
38,22,24,0
38,23,26,0
38,24,28,0
38,25,29,0
38,26,30,0
38,27,31,0
38,28,33,0
38,29,35,0
38,30,37,0
38,31,39,1
38,32,2,0
38,33,4,0
38,34,6,0
38,35,8,0
38,36,9,0
38,37,11,0
38,38,13,0
38,39,15,0
38,40,16,0
38,41,18,0
38,42,20,0
38,43,22,0
38,44,24,0
38,45,26,0
38,46,26,0
38,47,27,0
38,48,29,0
38,49,30,0
38,50,31,0
38,51,33,0
38,52,34,0
38,53,35,0
38,54,36,0
38,55,37,0
38,56,38,0
38,57,40,0
38,58,42,1
38,59,1,0
38,60,3,0
38,61,5,0
38,62,6,0
38,63,8,0
38,64,10,0
38,65,12,0
38,66,14,0
38,67,16,0
38,68,17,0
38,69,18,0
38,70,21,0
38,71,23,0
38,72,24,0
38,73,25,0
38,74,27,0
38,75,29,0
38,76,30,0
38,77,31,0
38,78,31,0
38,79,31,0
38,80,32,0
38,81,34,0
38,82,36,1
38,83,1,0
38,84,3,0
38,85,5,0
38,86,6,0
38,87,8,0
38,88,9,0
38,89,10,0
38,90,11,0
38,91,12,0
38,92,14,0
38,93,16,0
38,94,18,0
38,95,20,0
38,96,22,0
38,97,24,0
38,98,25,0
38,99,26,0
38,100,29,0
38,101,31,0
38,102,33,1
38,103,0,0
38,104,1,0
38,105,2,0
38,106,4,0
38,107,6,0
38,108,8,0
38,109,9,0
38,110,11,0
38,111,12,0
38,112,14,0
38,113,14,0
38,114,15,0
38,115,16,0
38,116,17,0
38,117,19,0
38,118,21,0
38,119,24,0
38,120,26,1
38,121,2,0
38,122,4,0
38,123,5,0
38,124,6,0
38,125,7,0
38,126,9,0
38,127,11,0
38,128,13,0
38,129,15,0
38,130,17,0
38,131,18,0
38,132,20,0
38,133,20,0
38,134,22,0
38,135,24,0
38,136,26,0
38,137,28,0
38,138,29,0
38,139,30,0
38,140,31,0
38,141,32,0
38,142,33,0
38,143,34,0
38,144,35,0
38,145,36,0
38,146,37,0
38,147,39,1
38,148,1,0
38,149,3,0
39,0,0,0
39,1,1,0
39,2,1,0
39,3,2,0
39,4,4,0
39,5,6,0
39,6,7,0
39,7,8,0
39,8,9,0
39,9,9,0
39,10,9,0
39,11,10,0
39,12,12,0
39,13,13,0
39,14,15,0
39,15,17,0
39,16,19,0
39,17,20,0
39,18,21,0
39,19,23,0
39,20,25,0
39,21,26,0
39,22,28,0
39,23,29,0
39,24,31,0
39,25,31,0
39,26,31,0
39,27,34,1
39,28,1,0
39,29,3,0
39,30,4,0
39,31,6,0
39,32,8,0
39,33,9,0
39,34,10,0
39,35,12,0
39,36,15,0
39,37,16,0
39,38,17,0
39,39,18,0
39,40,20,0
39,41,21,0
39,42,24,0
39,43,26,0
39,44,29,0
39,45,31,0
39,46,32,0
39,47,32,0
39,48,34,1
39,49,1,0
39,50,2,0
39,51,4,0
39,52,5,0
39,53,6,0
39,54,8,0
39,55,9,0
39,56,11,0
39,57,13,0
39,58,15,0
39,59,17,0
39,60,18,0
39,61,18,0
39,62,20,0
39,63,21,0
39,64,22,0
39,65,22,0
39,66,23,0
39,67,25,0
39,68,26,0
39,69,26,0
39,70,27,0
39,71,28,0
39,72,29,0
39,73,30,1
39,74,2,0
39,75,3,0
39,76,5,0
39,77,7,0
39,78,9,0
39,79,9,0
39,80,10,0
39,81,12,0
39,82,13,0
39,83,15,0
39,84,16,0
39,85,18,0
39,86,18,0
39,87,19,0
39,88,20,0
39,89,22,0
39,90,23,0
39,91,24,0
39,92,25,0
39,93,27,0
39,94,28,0
39,95,29,0
39,96,30,0
39,97,30,0
39,98,31,0
39,99,33,0
39,100,34,0
39,101,35,0
39,102,36,0
39,103,37,0
39,104,38,0
39,105,39,0
39,106,40,0
39,107,42,0
39,108,43,0
39,109,45,1
39,110,1,0
39,111,3,0
39,112,5,0
39,113,7,0
39,114,9,0
39,115,10,0
39,116,12,0
39,117,13,0
39,118,15,0
39,119,17,0
39,120,17,0
39,121,17,0
39,122,18,0
39,123,19,0
39,124,20,0
39,125,21,0
39,126,23,0
39,127,24,0
39,128,25,0
39,129,27,0
39,130,28,0
39,131,30,0
39,132,31,0
39,133,32,0
39,134,33,0
39,135,35,0
39,136,37,0
39,137,40,0
39,138,41,0
39,139,43,1
39,140,1,0
39,141,2,0
39,142,2,0
39,143,2,0
39,144,4,0
39,145,6,0
39,146,8,0
39,147,10,0
39,148,12,0
39,149,13,0
40,0,0,0
40,1,2,0
40,2,4,0
40,3,6,0
40,4,8,0
40,5,9,0
40,6,11,0
40,7,12,0
40,8,13,0
40,9,15,0
40,10,17,0
40,11,18,0
40,12,20,0
40,13,23,0
40,14,24,1
40,15,1,0
40,16,3,0
40,17,5,0
40,18,6,0
40,19,8,0
40,20,10,0
40,21,11,0
40,22,11,0
40,23,13,0
40,24,14,0
40,25,16,0
40,26,17,0
40,27,19,0
40,28,21,0
40,29,23,0
40,30,25,0
40,31,26,1
40,32,2,0
40,33,3,0
40,34,4,0
40,35,6,0
40,36,8,0
40,37,10,0
40,38,11,0
40,39,12,0
40,40,13,0
40,41,14,0
40,42,16,0
40,43,16,0
40,44,17,0
40,45,19,0
40,46,21,0
40,47,22,0
40,48,23,0
40,49,24,0
40,50,25,0
40,51,26,0
40,52,28,0
40,53,29,0
40,54,31,0
40,55,32,0
40,56,33,0
40,57,33,0
40,58,34,0
40,59,35,0
40,60,37,0
40,61,38,0
40,62,39,0
40,63,41,0
40,64,43,0
40,65,45,1
40,66,2,0
40,67,4,0
40,68,6,0
40,69,7,0
40,70,8,0
40,71,11,0
40,72,13,0
40,73,15,0
40,74,17,0
40,75,17,0
40,76,19,0
40,77,21,0
40,78,23,0
40,79,24,0
40,80,26,0
40,81,26,0
40,82,28,0
40,83,29,0
40,84,31,0
40,85,32,0
40,86,35,0
40,87,36,0
40,88,38,0
40,89,39,0
40,90,39,0
40,91,39,0
40,92,41,0
40,93,43,0
40,94,44,0
40,95,45,1
40,96,2,0
40,97,4,0
40,98,6,0
40,99,8,0
40,100,11,0
40,101,13,0
40,102,14,0
40,103,14,0
40,104,15,0
40,105,16,0
40,106,18,0
40,107,19,0
40,108,19,0
40,109,21,0
40,110,22,0
40,111,23,0
40,112,24,0
40,113,25,0
40,114,26,0
40,115,26,0
40,116,27,0
40,117,28,0
40,118,30,0
40,119,31,0
40,120,32,0
40,121,33,0
40,122,35,1
40,123,2,0
40,124,3,0
40,125,5,0
40,126,7,0
40,127,9,0
40,128,10,0
40,129,12,0
40,130,13,0
40,131,14,0
40,132,15,0
40,133,17,0
40,134,18,0
40,135,20,0
40,136,22,0
40,137,23,0
40,138,25,0
40,139,27,0
40,140,28,0
40,141,30,0
40,142,31,0
40,143,32,0
40,144,34,0
40,145,35,1
40,146,0,0
40,147,2,0
40,148,4,0
40,149,6,0
41,0,0,0
41,1,2,0
41,2,3,0
41,3,4,0
41,4,5,0
41,5,7,0
41,6,9,0
41,7,10,0
41,8,12,0
41,9,14,0
41,10,16,0
41,11,16,0
41,12,16,0
41,13,17,0
41,14,19,0
41,15,20,0
41,16,22,0
41,17,22,0
41,18,24,0
41,19,26,0
41,20,28,0
41,21,30,0
41,22,32,0
41,23,33,0
41,24,35,1
41,25,1,0
41,26,3,0
41,27,5,0
41,28,6,0
41,29,7,0
41,30,8,0
41,31,10,0
41,32,12,0
41,33,14,0
41,34,16,0
41,35,17,0
41,36,18,0
41,37,20,0
41,38,21,0
41,39,22,0
41,40,23,0
41,41,24,0
41,42,25,0
41,43,25,0
41,44,25,0
41,45,27,0
41,46,29,0
41,47,30,0
41,48,31,0
41,49,32,0
41,50,34,0
41,51,35,0
41,52,37,0
41,53,38,1
41,54,1,0
41,55,2,0
41,56,4,0
41,57,6,0
41,58,8,0
41,59,10,0
41,60,10,0
41,61,12,0
41,62,14,0
41,63,15,0
41,64,16,0
41,65,18,0
41,66,20,0
41,67,21,0
41,68,23,0
41,69,25,0
41,70,27,0
41,71,27,0
41,72,27,0
41,73,29,0
41,74,31,0
41,75,32,0
41,76,34,0
41,77,36,0
41,78,38,1
41,79,2,0
41,80,2,0
41,81,3,0
41,82,4,0
41,83,5,0
41,84,6,0
41,85,8,0
41,86,10,0
41,87,10,0
41,88,11,0
41,89,12,0
41,90,13,0
41,91,14,0
41,92,15,0
41,93,17,0
41,94,17,0
41,95,19,0
41,96,21,0
41,97,23,0
41,98,25,0
41,99,27,0
41,100,29,0
41,101,30,0
41,102,32,0
41,103,33,1
41,104,1,0
41,105,3,0
41,106,5,0
41,107,7,0
41,108,9,0
41,109,11,0
41,110,13,0
41,111,15,0
41,112,17,0
41,113,19,0
41,114,20,0
41,115,21,0
41,116,22,0
41,117,23,0
41,118,25,0
41,119,25,0
41,120,26,0
41,121,28,0
41,122,29,0
41,123,31,0
41,124,32,1
41,125,0,0
41,126,2,0
41,127,3,0
41,128,4,0
41,129,5,0
41,130,6,0
41,131,7,0
41,132,8,0
41,133,10,0
41,134,11,0
41,135,11,0
41,136,14,0
41,137,15,0
41,138,17,0
41,139,18,0
41,140,19,0
41,141,21,0
41,142,22,0
41,143,23,0
41,144,25,0
41,145,27,0
41,146,29,0
41,147,31,0
41,148,33,0
41,149,34,0
42,0,0,0
42,1,2,0
42,2,3,0
42,3,4,0
42,4,5,0
42,5,6,0
42,6,8,0
42,7,10,0
42,8,11,0
42,9,12,0
42,10,13,0
42,11,15,0
42,12,16,0
42,13,17,0
42,14,19,0
42,15,21,0
42,16,21,0
42,17,22,0
42,18,24,0
42,19,26,0
42,20,28,0
42,21,30,0
42,22,31,0
42,23,33,1
42,24,2,0
42,25,2,0
42,26,3,0
42,27,5,0
42,28,6,0
42,29,7,0
42,30,8,0
42,31,10,0
42,32,11,0
42,33,11,0
42,34,12,0
42,35,13,0
42,36,14,0
42,37,15,0
42,38,16,0
42,39,16,0
42,40,18,0
42,41,20,0
42,42,21,0
42,43,23,0
42,44,24,0
42,45,25,0
42,46,27,0
42,47,29,1
42,48,1,0
42,49,3,0
42,50,3,0
42,51,4,0
42,52,5,0
42,53,7,0
42,54,7,0
42,55,8,0
42,56,9,0
42,57,10,0
42,58,12,0
42,59,14,0
42,60,15,0
42,61,16,0
42,62,17,0
42,63,18,0
42,64,20,0
42,65,21,0
42,66,23,0
42,67,24,0
42,68,26,0
42,69,28,0
42,70,30,1
42,71,2,0
42,72,4,0
42,73,4,0
42,74,4,0
42,75,5,0
42,76,6,0
42,77,7,0
42,78,9,0
42,79,10,0
42,80,12,0
42,81,13,0
42,82,14,0
42,83,15,0
42,84,17,0
42,85,19,0
42,86,20,0
42,87,21,0
42,88,23,0
42,89,25,0
42,90,27,0
42,91,29,0
42,92,30,0
42,93,31,0
42,94,33,0
42,95,33,1
42,96,1,0
42,97,2,0
42,98,3,0
42,99,5,0
42,100,6,0
42,101,8,0
42,102,9,0
42,103,11,0
42,104,11,0
42,105,13,0
42,106,14,0
42,107,16,0
42,108,17,0
42,109,19,0
42,110,21,0
42,111,23,0
42,112,25,0
42,113,26,1
42,114,0,0
42,115,2,0
42,116,3,0
42,117,3,0
42,118,4,0
42,119,4,0
42,120,6,0
42,121,7,0
42,122,7,0
42,123,9,0
42,124,11,0
42,125,12,0
42,126,14,0
42,127,16,0
42,128,18,0
42,129,19,0
42,130,20,0
42,131,22,0
42,132,24,0
42,133,25,0
42,134,27,0
42,135,27,0
42,136,28,0
42,137,29,0
42,138,31,0
42,139,33,0
42,140,34,0
42,141,35,0
42,142,36,0
42,143,37,0
42,144,37,0
42,145,38,0
42,146,40,0
42,147,42,0
42,148,44,1
42,149,2,0
43,0,0,0
43,1,2,0
43,2,4,0
43,3,6,0
43,4,7,0
43,5,9,0
43,6,11,0
43,7,13,0
43,8,14,0
43,9,15,0
43,10,17,0
43,11,18,0
43,12,20,0
43,13,21,0
43,14,23,0
43,15,24,0
43,16,26,0
43,17,27,0
43,18,28,1
43,19,1,0
43,20,1,0
43,21,2,0
43,22,4,0
43,23,4,0
43,24,4,0
43,25,5,0
43,26,5,0
43,27,7,0
43,28,8,0
43,29,10,0
43,30,12,0
43,31,14,0
43,32,15,0
43,33,17,0
43,34,19,0
43,35,20,0
43,36,22,0
43,37,23,0
43,38,24,0
43,39,25,0
43,40,26,0
43,41,28,0
43,42,29,0
43,43,31,0
43,44,33,0
43,45,34,0
43,46,34,0
43,47,36,0
43,48,38,0
43,49,40,0
43,50,41,1
43,51,1,0
43,52,3,0
43,53,3,0
43,54,4,0
43,55,6,0
43,56,8,0
43,57,8,0
43,58,10,0
43,59,11,0
43,60,13,0
43,61,14,0
43,62,15,0
43,63,17,0
43,64,18,0
43,65,18,0
43,66,19,0
43,67,21,0
43,68,22,0
43,69,24,0
43,70,25,0
43,71,27,0
43,72,29,0
43,73,30,0
43,74,31,0
43,75,32,0
43,76,34,0
43,77,36,0
43,78,37,0
43,79,39,0
43,80,40,0
43,81,42,0
43,82,44,1
43,83,1,0
43,84,3,0
43,85,3,0
43,86,4,0
43,87,5,0
43,88,6,0
43,89,8,0
43,90,10,0
43,91,12,0
43,92,14,0
43,93,15,0
43,94,17,0
43,95,18,0
43,96,20,0
43,97,22,0
43,98,24,0
43,99,26,0
43,100,28,0
43,101,29,0
43,102,32,0
43,103,34,0
43,104,36,0
43,105,38,0
43,106,40,0
43,107,42,0
43,108,44,1
43,109,0,0
43,110,0,0
43,111,1,0
43,112,3,0
43,113,4,0
43,114,6,0
43,115,7,0
43,116,9,0
43,117,11,0
43,118,13,0
43,119,15,0
43,120,17,0
43,121,19,0
43,122,21,0
43,123,23,0
43,124,24,0
43,125,25,0
43,126,26,0
43,127,26,0
43,128,28,0
43,129,30,0
43,130,31,0
43,131,32,0
43,132,33,0
43,133,35,1
43,134,2,0
43,135,4,0
43,136,4,0
43,137,5,0
43,138,7,0
43,139,9,0
43,140,11,0
43,141,13,0
43,142,14,0
43,143,15,0
43,144,16,0
43,145,17,0
43,146,19,0
43,147,21,1
43,148,1,0
43,149,3,0
44,0,0,0
44,1,2,0
44,2,4,0
44,3,5,0
44,4,7,0
44,5,7,0
44,6,9,0
44,7,10,0
44,8,11,0
44,9,13,0
44,10,14,0
44,11,16,0
44,12,17,0
44,13,18,0
44,14,19,0
44,15,21,0
44,16,21,0
44,17,23,0
44,18,25,0
44,19,27,1
44,20,2,0
44,21,3,0
44,22,4,0
44,23,6,0
44,24,7,0
44,25,8,0
44,26,10,0
44,27,11,0
44,28,13,0
44,29,13,0
44,30,15,0
44,31,17,0
44,32,18,0
44,33,20,0
44,34,20,0
44,35,22,0
44,36,24,0
44,37,25,0
44,38,27,0
44,39,28,0
44,40,29,0
44,41,30,0
44,42,31,0
44,43,33,0
44,44,35,0
44,45,36,0
44,46,37,0
44,47,39,0
44,48,41,0
44,49,43,0
44,50,45,0
44,51,45,1
44,52,0,0
44,53,1,0
44,54,2,0
44,55,4,0
44,56,5,0
44,57,7,0
44,58,9,0
44,59,11,0
44,60,12,0
44,61,14,0
44,62,15,0
44,63,16,0
44,64,17,0
44,65,19,0
44,66,20,0
44,67,22,0
44,68,23,0
44,69,25,1
44,70,1,0
44,71,2,0
44,72,3,0
44,73,4,0
44,74,6,0
44,75,7,0
44,76,8,0
44,77,10,0
44,78,12,0
44,79,12,0
44,80,12,0
44,81,14,0
44,82,15,0
44,83,16,0
44,84,17,0
44,85,17,0
44,86,18,0
44,87,20,0
44,88,21,0
44,89,21,0
44,90,23,0
44,91,25,0
44,92,26,0
44,93,27,0
44,94,29,0
44,95,31,0
44,96,32,0
44,97,34,1
44,98,1,0
44,99,2,0
44,100,3,0
44,101,5,0
44,102,7,0
44,103,9,0
44,104,10,0
44,105,11,0
44,106,14,0
44,107,15,0
44,108,17,0
44,109,18,0
44,110,20,0
44,111,22,0
44,112,23,0
44,113,24,0
44,114,26,0
44,115,28,0
44,116,29,0
44,117,30,0
44,118,31,0
44,119,33,0
44,120,35,0
44,121,36,0
44,122,36,0
44,123,37,1
44,124,2,0
44,125,3,0
44,126,5,0
44,127,7,0
44,128,8,0
44,129,10,0
44,130,11,0
44,131,12,0
44,132,14,0
44,133,16,0
44,134,17,0
44,135,17,0
44,136,18,0
44,137,20,0
44,138,21,0
44,139,22,0
44,140,23,0
44,141,25,0
44,142,25,0
44,143,26,0
44,144,27,0
44,145,28,0
44,146,29,0
44,147,30,0
44,148,31,0
44,149,33,0
45,0,0,0
45,1,2,0
45,2,2,0
45,3,4,0
45,4,5,0
45,5,6,0
45,6,7,0
45,7,9,0
45,8,10,0
45,9,12,0
45,10,13,0
45,11,13,0
45,12,14,0
45,13,15,0
45,14,16,0
45,15,17,0
45,16,18,0
45,17,20,0
45,18,21,0
45,19,22,0
45,20,23,0
45,21,24,0
45,22,25,1
45,23,2,0
45,24,3,0
45,25,5,0
45,26,7,0
45,27,8,0
45,28,10,0
45,29,10,0
45,30,11,0
45,31,13,0
45,32,15,0
45,33,16,0
45,34,18,0
45,35,19,0
45,36,21,0
45,37,21,0
45,38,22,0
45,39,24,0
45,40,25,0
45,41,27,0
45,42,29,0
45,43,31,0
45,44,32,0
45,45,34,0
45,46,35,0
45,47,36,0
45,48,37,0
45,49,39,1
45,50,2,0
45,51,3,0
45,52,4,0
45,53,5,0
45,54,7,0
45,55,9,0
45,56,10,0
45,57,12,0
45,58,14,0
45,59,15,0
45,60,16,0
45,61,17,0
45,62,18,0
45,63,20,0
45,64,22,0
45,65,23,0
45,66,24,0
45,67,25,0
45,68,26,0
45,69,27,0
45,70,28,0
45,71,30,0
45,72,31,1
45,73,1,0
45,74,3,0
45,75,5,0
45,76,6,0
45,77,7,0
45,78,8,0
45,79,9,0
45,80,10,0
45,81,13,0
45,82,15,0
45,83,17,0
45,84,18,0
45,85,20,0
45,86,21,0
45,87,23,0
45,88,24,0
45,89,26,1
45,90,1,0
45,91,2,0
45,92,4,0
45,93,6,0
45,94,7,0
45,95,7,0
45,96,8,0
45,97,10,0
45,98,12,0
45,99,14,0
45,100,14,0
45,101,14,0
45,102,16,0
45,103,17,0
45,104,20,0
45,105,21,0
45,106,23,0
45,107,23,0
45,108,24,0
45,109,26,1
45,110,2,0
45,111,2,0
45,112,4,0
45,113,5,0
45,114,5,0
45,115,6,0
45,116,8,0
45,117,9,0
45,118,11,0
45,119,12,0
45,120,13,0
45,121,14,0
45,122,15,0
45,123,17,0
45,124,19,0
45,125,21,0
45,126,23,0
45,127,25,0
45,128,27,0
45,129,28,0
45,130,30,0
45,131,31,1
45,132,2,0
45,133,3,0
45,134,4,0
45,135,6,0
45,136,8,0
45,137,10,0
45,138,11,0
45,139,13,0
45,140,14,0
45,141,14,0
45,142,15,0
45,143,15,0
45,144,17,0
45,145,19,0
45,146,21,0
45,147,22,0
45,148,23,0
45,149,25,0
46,0,0,0
46,1,1,0
46,2,3,0
46,3,5,0
46,4,6,0
46,5,7,0
46,6,8,0
46,7,10,0
46,8,12,0
46,9,14,0
46,10,15,0
46,11,16,0
46,12,18,0
46,13,20,0
46,14,22,0
46,15,23,0
46,16,24,0
46,17,25,0
46,18,28,0
46,19,30,0
46,20,32,0
46,21,34,0
46,22,35,0
46,23,37,0
46,24,38,1
46,25,0,0
46,26,2,0
46,27,2,0
46,28,3,0
46,29,5,0
46,30,6,0
46,31,7,0
46,32,9,0
46,33,10,0
46,34,11,0
46,35,13,0
46,36,14,0
46,37,16,0
46,38,17,0
46,39,18,0
46,40,20,0
46,41,22,0
46,42,23,0
46,43,25,0
46,44,26,0
46,45,27,0
46,46,28,0
46,47,29,0
46,48,30,0
46,49,31,0
46,50,33,0
46,51,34,0
46,52,35,0
46,53,38,0
46,54,40,0
46,55,42,0
46,56,44,0
46,57,45,0
46,58,46,1
46,59,3,0
46,60,3,0
46,61,4,0
46,62,6,0
46,63,8,0
46,64,8,0
46,65,9,0
46,66,10,0
46,67,11,0
46,68,12,0
46,69,14,0
46,70,16,0
46,71,18,0
46,72,20,0
46,73,21,0
46,74,23,0
46,75,25,0
46,76,26,0
46,77,27,0
46,78,29,0
46,79,30,0
46,80,31,0
46,81,32,0
46,82,34,0
46,83,35,0
46,84,37,0
46,85,39,0
46,86,41,1
46,87,1,0
46,88,3,0
46,89,5,0
46,90,6,0
46,91,7,0
46,92,9,0
46,93,11,0
46,94,12,0
46,95,14,0
46,96,15,0
46,97,17,0
46,98,18,0
46,99,20,0
46,100,22,0
46,101,24,0
46,102,24,0
46,103,25,0
46,104,26,0
46,105,27,0
46,106,27,0
46,107,28,0
46,108,30,0
46,109,32,0
46,110,34,0
46,111,35,0
46,112,35,0
46,113,37,0
46,114,38,0
46,115,38,0
46,116,40,0
46,117,40,0
46,118,42,0
46,119,43,0
46,120,45,1
46,121,1,0
46,122,2,0
46,123,2,0
46,124,3,0
46,125,4,0
46,126,6,0
46,127,7,0
46,128,8,0
46,129,9,0
46,130,10,0
46,131,12,0
46,132,14,0
46,133,15,0
46,134,16,0
46,135,18,0
46,136,18,0
46,137,19,0
46,138,19,0
46,139,20,0
46,140,21,0
46,141,22,0
46,142,24,0
46,143,26,0
46,144,27,0
46,145,27,0
46,146,28,0
46,147,30,0
46,148,31,0
46,149,33,0
47,0,0,0
47,1,1,0
47,2,1,0
47,3,2,0
47,4,4,0
47,5,6,0
47,6,7,0
47,7,7,0
47,8,9,0
47,9,10,0
47,10,11,0
47,11,13,0
47,12,15,0
47,13,16,0
47,14,17,0
47,15,17,0
47,16,19,0
47,17,21,0
47,18,23,0
47,19,25,0
47,20,27,0
47,21,29,1
47,22,1,0
47,23,2,0
47,24,2,0
47,25,4,0
47,26,5,0
47,27,7,0
47,28,9,0
47,29,10,0
47,30,12,0
47,31,15,0
47,32,16,0
47,33,17,0
47,34,19,0
47,35,20,0
47,36,21,0
47,37,23,0
47,38,25,0
47,39,26,0
47,40,28,0
47,41,30,0
47,42,32,0
47,43,33,0
47,44,33,0
47,45,35,1
47,46,2,0
47,47,4,0
47,48,6,0
47,49,8,0
47,50,9,0
47,51,10,0
47,52,11,0
47,53,12,0
47,54,12,0
47,55,13,0
47,56,14,0
47,57,15,0
47,58,15,0
47,59,17,0
47,60,18,0
47,61,21,1
47,62,0,0
47,63,1,0
47,64,3,0
47,65,5,0
47,66,6,0
47,67,8,0
47,68,10,0
47,69,11,0
47,70,13,0
47,71,15,0
47,72,17,0
47,73,19,1
47,74,2,0
47,75,4,0
47,76,5,0
47,77,5,0
47,78,6,0
47,79,8,0
47,80,10,0
47,81,12,0
47,82,13,0
47,83,14,0
47,84,14,0
47,85,15,0
47,86,16,0
47,87,17,0
47,88,17,0
47,89,18,0
47,90,19,0
47,91,21,0
47,92,23,0
47,93,24,0
47,94,26,0
47,95,28,0
47,96,29,0
47,97,31,0
47,98,33,0
47,99,35,0
47,100,36,1
47,101,1,0
47,102,3,0
47,103,4,0
47,104,5,0
47,105,7,0
47,106,9,0
47,107,10,0
47,108,12,0
47,109,12,0
47,110,13,0
47,111,15,0
47,112,16,0
47,113,17,0
47,114,18,0
47,115,20,0
47,116,21,0
47,117,23,0
47,118,24,0
47,119,25,0
47,120,26,0
47,121,27,0
47,122,29,0
47,123,30,0
47,124,32,0
47,125,33,0
47,126,34,0
47,127,35,0
47,128,37,0
47,129,38,0
47,130,39,0
47,131,40,0
47,132,42,0
47,133,44,0
47,134,46,1
47,135,2,0
47,136,3,0
47,137,5,0
47,138,6,0
47,139,7,0
47,140,8,0
47,141,10,0
47,142,12,0
47,143,14,0
47,144,15,0
47,145,17,0
47,146,18,0
47,147,20,0
47,148,21,0
47,149,23,0
48,0,0,0
48,1,2,0
48,2,4,0
48,3,4,0
48,4,4,0
48,5,5,0
48,6,6,0
48,7,7,0
48,8,9,0
48,9,10,0
48,10,11,0
48,11,13,0
48,12,14,0
48,13,16,0
48,14,18,0
48,15,19,0
48,16,20,0
48,17,22,0
48,18,24,0
48,19,26,0
48,20,28,0
48,21,28,0
48,22,29,0
48,23,29,0
48,24,31,0
48,25,31,0
48,26,33,0
48,27,35,0
48,28,37,0
48,29,38,0
48,30,39,0
48,31,39,0
48,32,40,0
48,33,41,0
48,34,43,0
48,35,45,1
48,36,1,0
48,37,2,0
48,38,4,0
48,39,5,0
48,40,6,0
48,41,8,0
48,42,9,0
48,43,11,0
48,44,13,0
48,45,15,0
48,46,17,0
48,47,19,0
48,48,21,0
48,49,23,0
48,50,25,0
48,51,27,0
48,52,28,0
48,53,30,0
48,54,31,0
48,55,33,0
48,56,34,0
48,57,34,0
48,58,36,0
48,59,37,0
48,60,39,0
48,61,40,0
48,62,41,1
48,63,1,0
48,64,3,0
48,65,4,0
48,66,4,0
48,67,6,0
48,68,8,0
48,69,10,0
48,70,12,0
48,71,13,0
48,72,15,0
48,73,16,0
48,74,18,0
48,75,20,0
48,76,22,0
48,77,24,0
48,78,26,0
48,79,27,0
48,80,28,1
48,81,1,0
48,82,3,0
48,83,4,0
48,84,6,0
48,85,8,0
48,86,9,0
48,87,11,0
48,88,12,0
48,89,14,0
48,90,15,0
48,91,16,0
48,92,17,0
48,93,19,0
48,94,21,0
48,95,22,0
48,96,24,0
48,97,25,0
48,98,27,0
48,99,28,0
48,100,28,0
48,101,29,0
48,102,30,0
48,103,32,0
48,104,34,0
48,105,36,0
48,106,37,0
48,107,38,0
48,108,39,1
48,109,1,0
48,110,1,0
48,111,3,0
48,112,5,0
48,113,6,0
48,114,8,0
48,115,9,0
48,116,11,0
48,117,13,0
48,118,14,0
48,119,16,0
48,120,18,0
48,121,18,0
48,122,20,0
48,123,22,0
48,124,23,0
48,125,25,0
48,126,26,0
48,127,28,0
48,128,28,0
48,129,29,0
48,130,30,0
48,131,32,0
48,132,33,0
48,133,33,0
48,134,35,0
48,135,37,0
48,136,38,1
48,137,2,0
48,138,4,0
48,139,5,0
48,140,7,0
48,141,7,0
48,142,9,0
48,143,11,0
48,144,13,0
48,145,14,0
48,146,15,0
48,147,17,0
48,148,18,0
48,149,19,0
49,0,0,0
49,1,1,0
49,2,3,0
49,3,5,0
49,4,6,0
49,5,8,0
49,6,10,0
49,7,12,0
49,8,13,0
49,9,14,0
49,10,16,0
49,11,18,0
49,12,19,0
49,13,21,0
49,14,23,0
49,15,24,0
49,16,26,0
49,17,28,0
49,18,30,0
49,19,31,0
49,20,33,0
49,21,35,0
49,22,36,0
49,23,37,0
49,24,38,0
49,25,40,1
49,26,1,0
49,27,3,0
49,28,5,0
49,29,6,0
49,30,8,0
49,31,9,0
49,32,10,0
49,33,12,0
49,34,13,0
49,35,13,0
49,36,14,0
49,37,16,0
49,38,18,0
49,39,18,0
49,40,19,0
49,41,20,0
49,42,22,0
49,43,23,0
49,44,24,0
49,45,26,0
49,46,28,0
49,47,29,0
49,48,30,0
49,49,32,0
49,50,33,0
49,51,34,0
49,52,36,0
49,53,37,0
49,54,38,0
49,55,40,0
49,56,42,1
49,57,2,0
49,58,2,0
49,59,3,0
49,60,3,0
49,61,4,0
49,62,6,0
49,63,6,0
49,64,8,0
49,65,9,0
49,66,11,0
49,67,12,0
49,68,14,0
49,69,14,0
49,70,15,1
49,71,1,0
49,72,3,0
49,73,4,0
49,74,4,0
49,75,6,0
49,76,7,0
49,77,9,0
49,78,11,0
49,79,13,0
49,80,14,0
49,81,16,0
49,82,18,0
49,83,19,0
49,84,20,0
49,85,21,0
49,86,23,0
49,87,25,0
49,88,27,0
49,89,28,0
49,90,29,0
49,91,31,0
49,92,32,0
49,93,33,0
49,94,35,0
49,95,37,0
49,96,39,0
49,97,40,0
49,98,41,0
49,99,43,1
49,100,2,0
49,101,3,0
49,102,3,0
49,103,4,0
49,104,6,0
49,105,7,0
49,106,9,0
49,107,10,0
49,108,12,0
49,109,14,0
49,110,15,0
49,111,16,0
49,112,18,0
49,113,19,0
49,114,21,0
49,115,22,0
49,116,25,0
49,117,26,0
49,118,27,0
49,119,28,0
49,120,29,0
49,121,30,0
49,122,32,0
49,123,34,0
49,124,36,0
49,125,37,1
49,126,1,0
49,127,2,0
49,128,4,0
49,129,4,0
49,130,6,0
49,131,8,0
49,132,9,0
49,133,10,0
49,134,11,0
49,135,13,0
49,136,15,0
49,137,16,0
49,138,18,0
49,139,19,0
49,140,19,0
49,141,20,0
49,142,20,0
49,143,22,0
49,144,22,0
49,145,24,1
49,146,2,0
49,147,3,0
49,148,4,0
49,149,5,0
